/*
SQLyog Enterprise v13.1.1 (64 bit)
MySQL - 10.4.22-MariaDB : Database - lion
*********************************************************************
*/

/*!40101 SET NAMES utf8 */;

/*!40101 SET SQL_MODE=''*/;

/*!40014 SET @OLD_UNIQUE_CHECKS=@@UNIQUE_CHECKS, UNIQUE_CHECKS=0 */;
/*!40014 SET @OLD_FOREIGN_KEY_CHECKS=@@FOREIGN_KEY_CHECKS, FOREIGN_KEY_CHECKS=0 */;
/*!40101 SET @OLD_SQL_MODE=@@SQL_MODE, SQL_MODE='NO_AUTO_VALUE_ON_ZERO' */;
/*!40111 SET @OLD_SQL_NOTES=@@SQL_NOTES, SQL_NOTES=0 */;
/*Table structure for table `bet_powerball` */

DROP TABLE IF EXISTS `bet_powerball`;

CREATE TABLE `bet_powerball` (
  `bet_fid` int(11) NOT NULL AUTO_INCREMENT,
  `bet_state` int(11) NOT NULL,
  `bet_emp_fid` int(11) NOT NULL,
  `bet_mb_uid` varchar(30) NOT NULL,
  `bet_mb_name` varchar(30) NOT NULL,
  `bet_round_fid` int(11) NOT NULL,
  `bet_round_date` date DEFAULT NULL,
  `bet_round_no` int(11) NOT NULL,
  `bet_time` timestamp NOT NULL DEFAULT current_timestamp() ON UPDATE current_timestamp(),
  `bet_game` int(11) NOT NULL,
  `bet_mode` int(11) NOT NULL,
  `bet_target` varchar(4) NOT NULL,
  `bet_ratio` varchar(4) NOT NULL,
  `bet_money` int(11) NOT NULL,
  `bet_result` varchar(4) NOT NULL,
  `bet_win_money` int(11) NOT NULL,
  `bet_view_state` int(11) NOT NULL,
  `bet_account_time` datetime NOT NULL,
  `bet_before_money` int(11) NOT NULL,
  `bet_after_money` int(11) NOT NULL,
  `bet_empl_amount` int(11) NOT NULL,
  `bet_agen_amount` int(11) NOT NULL,
  `bet_comp_amount` int(11) NOT NULL,
  PRIMARY KEY (`bet_fid`)
) ENGINE=InnoDB AUTO_INCREMENT=886 DEFAULT CHARSET=utf8mb4;

/*Data for the table `bet_powerball` */

insert  into `bet_powerball`(`bet_fid`,`bet_state`,`bet_emp_fid`,`bet_mb_uid`,`bet_mb_name`,`bet_round_fid`,`bet_round_date`,`bet_round_no`,`bet_time`,`bet_game`,`bet_mode`,`bet_target`,`bet_ratio`,`bet_money`,`bet_result`,`bet_win_money`,`bet_view_state`,`bet_account_time`,`bet_before_money`,`bet_after_money`,`bet_empl_amount`,`bet_agen_amount`,`bet_comp_amount`) values (827,3,4,'e01','김사장',1362448,'2024-03-23',201,'2025-05-29 10:39:32',0,1,'P','1.93',10000,'P',19300,0,'2024-03-23 16:45:05',7929135,7938435,60,270,0);
insert  into `bet_powerball`(`bet_fid`,`bet_state`,`bet_emp_fid`,`bet_mb_uid`,`bet_mb_name`,`bet_round_fid`,`bet_round_date`,`bet_round_no`,`bet_time`,`bet_game`,`bet_mode`,`bet_target`,`bet_ratio`,`bet_money`,`bet_result`,`bet_win_money`,`bet_view_state`,`bet_account_time`,`bet_before_money`,`bet_after_money`,`bet_empl_amount`,`bet_agen_amount`,`bet_comp_amount`) values (828,1,4,'e01','김사장',121,'2024-03-23',201,'2025-05-29 10:39:32',2,2,'B','1.93',10000,'',0,0,'0000-00-00 00:00:00',7919135,0,60,270,0);
insert  into `bet_powerball`(`bet_fid`,`bet_state`,`bet_emp_fid`,`bet_mb_uid`,`bet_mb_name`,`bet_round_fid`,`bet_round_date`,`bet_round_no`,`bet_time`,`bet_game`,`bet_mode`,`bet_target`,`bet_ratio`,`bet_money`,`bet_result`,`bet_win_money`,`bet_view_state`,`bet_account_time`,`bet_before_money`,`bet_after_money`,`bet_empl_amount`,`bet_agen_amount`,`bet_comp_amount`) values (829,1,4,'e01','김사장',876,'2024-03-23',201,'2025-05-29 10:39:32',1,11,'P','1.93',10000,'',0,0,'0000-00-00 00:00:00',7909135,0,60,270,0);
insert  into `bet_powerball`(`bet_fid`,`bet_state`,`bet_emp_fid`,`bet_mb_uid`,`bet_mb_name`,`bet_round_fid`,`bet_round_date`,`bet_round_no`,`bet_time`,`bet_game`,`bet_mode`,`bet_target`,`bet_ratio`,`bet_money`,`bet_result`,`bet_win_money`,`bet_view_state`,`bet_account_time`,`bet_before_money`,`bet_after_money`,`bet_empl_amount`,`bet_agen_amount`,`bet_comp_amount`) values (830,2,4,'e01','김사장',124,'2024-03-23',204,'2025-05-29 10:39:32',2,1,'P','1.93',10000,'B',0,0,'2024-03-23 17:00:05',7918435,7908435,60,270,0);
insert  into `bet_powerball`(`bet_fid`,`bet_state`,`bet_emp_fid`,`bet_mb_uid`,`bet_mb_name`,`bet_round_fid`,`bet_round_date`,`bet_round_no`,`bet_time`,`bet_game`,`bet_mode`,`bet_target`,`bet_ratio`,`bet_money`,`bet_result`,`bet_win_money`,`bet_view_state`,`bet_account_time`,`bet_before_money`,`bet_after_money`,`bet_empl_amount`,`bet_agen_amount`,`bet_comp_amount`) values (831,2,4,'e01','김사장',124,'2024-03-23',204,'2025-05-29 10:39:32',2,10,'B','1.93',10000,'P',0,0,'2024-03-23 17:00:05',7908435,7898435,60,270,0);
insert  into `bet_powerball`(`bet_fid`,`bet_state`,`bet_emp_fid`,`bet_mb_uid`,`bet_mb_name`,`bet_round_fid`,`bet_round_date`,`bet_round_no`,`bet_time`,`bet_game`,`bet_mode`,`bet_target`,`bet_ratio`,`bet_money`,`bet_result`,`bet_win_money`,`bet_view_state`,`bet_account_time`,`bet_before_money`,`bet_after_money`,`bet_empl_amount`,`bet_agen_amount`,`bet_comp_amount`) values (832,2,4,'e01','김사장',124,'2024-03-23',204,'2025-05-29 10:39:32',2,7,'PB','3.05',10000,'BP',0,0,'2024-03-23 17:00:05',7898435,7888435,60,270,0);
insert  into `bet_powerball`(`bet_fid`,`bet_state`,`bet_emp_fid`,`bet_mb_uid`,`bet_mb_name`,`bet_round_fid`,`bet_round_date`,`bet_round_no`,`bet_time`,`bet_game`,`bet_mode`,`bet_target`,`bet_ratio`,`bet_money`,`bet_result`,`bet_win_money`,`bet_view_state`,`bet_account_time`,`bet_before_money`,`bet_after_money`,`bet_empl_amount`,`bet_agen_amount`,`bet_comp_amount`) values (833,2,4,'e01','김사장',878,'2024-03-23',204,'2025-05-29 10:39:32',1,2,'B','1.93',10000,'P',0,0,'2024-03-23 17:00:20',7888435,7878435,60,270,0);
insert  into `bet_powerball`(`bet_fid`,`bet_state`,`bet_emp_fid`,`bet_mb_uid`,`bet_mb_name`,`bet_round_fid`,`bet_round_date`,`bet_round_no`,`bet_time`,`bet_game`,`bet_mode`,`bet_target`,`bet_ratio`,`bet_money`,`bet_result`,`bet_win_money`,`bet_view_state`,`bet_account_time`,`bet_before_money`,`bet_after_money`,`bet_empl_amount`,`bet_agen_amount`,`bet_comp_amount`) values (834,2,4,'e01','김사장',878,'2024-03-23',204,'2025-05-29 10:39:32',1,12,'B','1.93',10000,'P',0,0,'2024-03-23 17:00:20',7878435,7868435,60,270,0);
insert  into `bet_powerball`(`bet_fid`,`bet_state`,`bet_emp_fid`,`bet_mb_uid`,`bet_mb_name`,`bet_round_fid`,`bet_round_date`,`bet_round_no`,`bet_time`,`bet_game`,`bet_mode`,`bet_target`,`bet_ratio`,`bet_money`,`bet_result`,`bet_win_money`,`bet_view_state`,`bet_account_time`,`bet_before_money`,`bet_after_money`,`bet_empl_amount`,`bet_agen_amount`,`bet_comp_amount`) values (835,2,4,'e01','김사장',878,'2024-03-23',204,'2025-05-29 10:39:32',1,15,'PB','3.72',10000,'PP',0,0,'2024-03-23 17:00:20',7868435,7858435,60,270,0);
insert  into `bet_powerball`(`bet_fid`,`bet_state`,`bet_emp_fid`,`bet_mb_uid`,`bet_mb_name`,`bet_round_fid`,`bet_round_date`,`bet_round_no`,`bet_time`,`bet_game`,`bet_mode`,`bet_target`,`bet_ratio`,`bet_money`,`bet_result`,`bet_win_money`,`bet_view_state`,`bet_account_time`,`bet_before_money`,`bet_after_money`,`bet_empl_amount`,`bet_agen_amount`,`bet_comp_amount`) values (836,2,4,'e01','김사장',1362451,'2024-03-23',204,'2025-05-29 10:39:32',0,2,'B','1.93',10000,'P',0,0,'2024-03-23 17:00:05',7858435,7848435,60,270,0);
insert  into `bet_powerball`(`bet_fid`,`bet_state`,`bet_emp_fid`,`bet_mb_uid`,`bet_mb_name`,`bet_round_fid`,`bet_round_date`,`bet_round_no`,`bet_time`,`bet_game`,`bet_mode`,`bet_target`,`bet_ratio`,`bet_money`,`bet_result`,`bet_win_money`,`bet_view_state`,`bet_account_time`,`bet_before_money`,`bet_after_money`,`bet_empl_amount`,`bet_agen_amount`,`bet_comp_amount`) values (837,2,4,'e01','김사장',1362451,'2024-03-23',204,'2025-05-29 10:39:32',0,15,'PB','3.72',10000,'PP',0,0,'2024-03-23 17:00:05',7848435,7838435,60,270,0);
insert  into `bet_powerball`(`bet_fid`,`bet_state`,`bet_emp_fid`,`bet_mb_uid`,`bet_mb_name`,`bet_round_fid`,`bet_round_date`,`bet_round_no`,`bet_time`,`bet_game`,`bet_mode`,`bet_target`,`bet_ratio`,`bet_money`,`bet_result`,`bet_win_money`,`bet_view_state`,`bet_account_time`,`bet_before_money`,`bet_after_money`,`bet_empl_amount`,`bet_agen_amount`,`bet_comp_amount`) values (838,3,4,'e01','김사장',1362523,'2024-03-23',276,'2025-05-29 10:39:32',0,1,'P','1.93',10000,'P',19300,0,'2024-03-23 23:00:05',7838435,7847735,60,270,0);
insert  into `bet_powerball`(`bet_fid`,`bet_state`,`bet_emp_fid`,`bet_mb_uid`,`bet_mb_name`,`bet_round_fid`,`bet_round_date`,`bet_round_no`,`bet_time`,`bet_game`,`bet_mode`,`bet_target`,`bet_ratio`,`bet_money`,`bet_result`,`bet_win_money`,`bet_view_state`,`bet_account_time`,`bet_before_money`,`bet_after_money`,`bet_empl_amount`,`bet_agen_amount`,`bet_comp_amount`) values (839,3,4,'e01','김사장',1362523,'2024-03-23',276,'2025-05-29 10:39:32',0,10,'B','1.93',10000,'B',19300,0,'2024-03-23 23:00:05',7828435,7857035,60,270,0);
insert  into `bet_powerball`(`bet_fid`,`bet_state`,`bet_emp_fid`,`bet_mb_uid`,`bet_mb_name`,`bet_round_fid`,`bet_round_date`,`bet_round_no`,`bet_time`,`bet_game`,`bet_mode`,`bet_target`,`bet_ratio`,`bet_money`,`bet_result`,`bet_win_money`,`bet_view_state`,`bet_account_time`,`bet_before_money`,`bet_after_money`,`bet_empl_amount`,`bet_agen_amount`,`bet_comp_amount`) values (840,2,4,'e01','김사장',1362523,'2024-03-23',276,'2025-05-29 10:39:32',0,5,'PP','4.15',10000,'PB',0,0,'2024-03-23 23:00:05',7818435,7847035,60,270,0);
insert  into `bet_powerball`(`bet_fid`,`bet_state`,`bet_emp_fid`,`bet_mb_uid`,`bet_mb_name`,`bet_round_fid`,`bet_round_date`,`bet_round_no`,`bet_time`,`bet_game`,`bet_mode`,`bet_target`,`bet_ratio`,`bet_money`,`bet_result`,`bet_win_money`,`bet_view_state`,`bet_account_time`,`bet_before_money`,`bet_after_money`,`bet_empl_amount`,`bet_agen_amount`,`bet_comp_amount`) values (841,3,4,'e01','김사장',1362523,'2024-03-23',276,'2025-05-29 10:39:32',0,16,'BB','3.72',10000,'BB',37200,0,'2024-03-23 23:00:05',7808435,7874235,60,270,0);
insert  into `bet_powerball`(`bet_fid`,`bet_state`,`bet_emp_fid`,`bet_mb_uid`,`bet_mb_name`,`bet_round_fid`,`bet_round_date`,`bet_round_no`,`bet_time`,`bet_game`,`bet_mode`,`bet_target`,`bet_ratio`,`bet_money`,`bet_result`,`bet_win_money`,`bet_view_state`,`bet_account_time`,`bet_before_money`,`bet_after_money`,`bet_empl_amount`,`bet_agen_amount`,`bet_comp_amount`) values (842,2,4,'e01','김사장',1362523,'2024-03-23',276,'2025-05-29 10:39:32',0,41,'PPP','7.1',10000,'BBP',0,0,'2024-03-23 23:00:05',7798435,7864235,60,270,0);
insert  into `bet_powerball`(`bet_fid`,`bet_state`,`bet_emp_fid`,`bet_mb_uid`,`bet_mb_name`,`bet_round_fid`,`bet_round_date`,`bet_round_no`,`bet_time`,`bet_game`,`bet_mode`,`bet_target`,`bet_ratio`,`bet_money`,`bet_result`,`bet_win_money`,`bet_view_state`,`bet_account_time`,`bet_before_money`,`bet_after_money`,`bet_empl_amount`,`bet_agen_amount`,`bet_comp_amount`) values (843,2,4,'e01','김사장',1362523,'2024-03-23',276,'2025-05-29 10:39:32',0,43,'PPP','7.1',10000,'BBP',0,0,'2024-03-23 23:00:05',7788435,7854235,60,270,0);
insert  into `bet_powerball`(`bet_fid`,`bet_state`,`bet_emp_fid`,`bet_mb_uid`,`bet_mb_name`,`bet_round_fid`,`bet_round_date`,`bet_round_no`,`bet_time`,`bet_game`,`bet_mode`,`bet_target`,`bet_ratio`,`bet_money`,`bet_result`,`bet_win_money`,`bet_view_state`,`bet_account_time`,`bet_before_money`,`bet_after_money`,`bet_empl_amount`,`bet_agen_amount`,`bet_comp_amount`) values (844,2,4,'e01','김사장',1362523,'2024-03-23',276,'2025-05-29 10:39:32',0,46,'PPP','7.1',10000,'BBP',0,0,'2024-03-23 23:00:05',7778435,7844235,60,270,0);
insert  into `bet_powerball`(`bet_fid`,`bet_state`,`bet_emp_fid`,`bet_mb_uid`,`bet_mb_name`,`bet_round_fid`,`bet_round_date`,`bet_round_no`,`bet_time`,`bet_game`,`bet_mode`,`bet_target`,`bet_ratio`,`bet_money`,`bet_result`,`bet_win_money`,`bet_view_state`,`bet_account_time`,`bet_before_money`,`bet_after_money`,`bet_empl_amount`,`bet_agen_amount`,`bet_comp_amount`) values (845,3,4,'e01','김사장',1362523,'2024-03-23',276,'2025-05-29 10:39:32',0,18,'M','2.20',10000,'M',22000,0,'2024-03-23 23:00:05',7768435,7856235,60,270,0);
insert  into `bet_powerball`(`bet_fid`,`bet_state`,`bet_emp_fid`,`bet_mb_uid`,`bet_mb_name`,`bet_round_fid`,`bet_round_date`,`bet_round_no`,`bet_time`,`bet_game`,`bet_mode`,`bet_target`,`bet_ratio`,`bet_money`,`bet_result`,`bet_win_money`,`bet_view_state`,`bet_account_time`,`bet_before_money`,`bet_after_money`,`bet_empl_amount`,`bet_agen_amount`,`bet_comp_amount`) values (846,2,4,'e01','김사장',1362523,'2024-03-23',276,'2025-05-29 10:39:32',0,23,'BL','4.40',10000,'BM',0,0,'2024-03-23 23:00:05',7758435,7846235,60,270,0);
insert  into `bet_powerball`(`bet_fid`,`bet_state`,`bet_emp_fid`,`bet_mb_uid`,`bet_mb_name`,`bet_round_fid`,`bet_round_date`,`bet_round_no`,`bet_time`,`bet_game`,`bet_mode`,`bet_target`,`bet_ratio`,`bet_money`,`bet_result`,`bet_win_money`,`bet_view_state`,`bet_account_time`,`bet_before_money`,`bet_after_money`,`bet_empl_amount`,`bet_agen_amount`,`bet_comp_amount`) values (847,4,4,'e01','김사장',1362523,'2024-03-23',276,'2025-05-29 10:39:32',0,32,'Q','9.0',10000,'',0,0,'2024-03-23 22:59:11',7748435,0,60,270,0);
insert  into `bet_powerball`(`bet_fid`,`bet_state`,`bet_emp_fid`,`bet_mb_uid`,`bet_mb_name`,`bet_round_fid`,`bet_round_date`,`bet_round_no`,`bet_time`,`bet_game`,`bet_mode`,`bet_target`,`bet_ratio`,`bet_money`,`bet_result`,`bet_win_money`,`bet_view_state`,`bet_account_time`,`bet_before_money`,`bet_after_money`,`bet_empl_amount`,`bet_agen_amount`,`bet_comp_amount`) values (848,2,4,'e01','김사장',1362523,'2024-03-23',276,'2025-05-29 10:39:32',0,39,'Q','9.0',10000,'7',0,0,'2024-03-23 23:00:05',7748435,7836235,60,270,0);
insert  into `bet_powerball`(`bet_fid`,`bet_state`,`bet_emp_fid`,`bet_mb_uid`,`bet_mb_name`,`bet_round_fid`,`bet_round_date`,`bet_round_no`,`bet_time`,`bet_game`,`bet_mode`,`bet_target`,`bet_ratio`,`bet_money`,`bet_result`,`bet_win_money`,`bet_view_state`,`bet_account_time`,`bet_before_money`,`bet_after_money`,`bet_empl_amount`,`bet_agen_amount`,`bet_comp_amount`) values (849,3,4,'e01','김사장',137,'2024-03-23',276,'2025-05-29 10:39:32',2,2,'B','1.93',10000,'B',19300,0,'2024-03-23 23:00:05',7738435,7747735,60,270,0);
insert  into `bet_powerball`(`bet_fid`,`bet_state`,`bet_emp_fid`,`bet_mb_uid`,`bet_mb_name`,`bet_round_fid`,`bet_round_date`,`bet_round_no`,`bet_time`,`bet_game`,`bet_mode`,`bet_target`,`bet_ratio`,`bet_money`,`bet_result`,`bet_win_money`,`bet_view_state`,`bet_account_time`,`bet_before_money`,`bet_after_money`,`bet_empl_amount`,`bet_agen_amount`,`bet_comp_amount`) values (850,3,4,'e01','김사장',137,'2024-03-23',276,'2025-05-29 10:39:32',2,12,'B','1.93',10000,'B',19300,0,'2024-03-23 23:00:05',7728435,7757035,60,270,0);
insert  into `bet_powerball`(`bet_fid`,`bet_state`,`bet_emp_fid`,`bet_mb_uid`,`bet_mb_name`,`bet_round_fid`,`bet_round_date`,`bet_round_no`,`bet_time`,`bet_game`,`bet_mode`,`bet_target`,`bet_ratio`,`bet_money`,`bet_result`,`bet_win_money`,`bet_view_state`,`bet_account_time`,`bet_before_money`,`bet_after_money`,`bet_empl_amount`,`bet_agen_amount`,`bet_comp_amount`) values (851,2,4,'e01','김사장',138,'2024-03-23',277,'2025-05-29 10:39:32',2,10,'B','1.93',10000,'P',0,0,'2024-03-23 23:05:03',7854835,7844835,60,270,0);
insert  into `bet_powerball`(`bet_fid`,`bet_state`,`bet_emp_fid`,`bet_mb_uid`,`bet_mb_name`,`bet_round_fid`,`bet_round_date`,`bet_round_no`,`bet_time`,`bet_game`,`bet_mode`,`bet_target`,`bet_ratio`,`bet_money`,`bet_result`,`bet_win_money`,`bet_view_state`,`bet_account_time`,`bet_before_money`,`bet_after_money`,`bet_empl_amount`,`bet_agen_amount`,`bet_comp_amount`) values (852,3,4,'e01','김사장',138,'2024-03-23',277,'2025-05-29 10:39:32',2,13,'PP','3.72',10000,'PP',37200,0,'2024-03-23 23:05:03',7844835,7872035,60,270,0);
insert  into `bet_powerball`(`bet_fid`,`bet_state`,`bet_emp_fid`,`bet_mb_uid`,`bet_mb_name`,`bet_round_fid`,`bet_round_date`,`bet_round_no`,`bet_time`,`bet_game`,`bet_mode`,`bet_target`,`bet_ratio`,`bet_money`,`bet_result`,`bet_win_money`,`bet_view_state`,`bet_account_time`,`bet_before_money`,`bet_after_money`,`bet_empl_amount`,`bet_agen_amount`,`bet_comp_amount`) values (853,3,4,'e01','김사장',893,'2024-03-23',279,'2025-05-29 10:39:32',1,2,'B','1.93',10000,'B',19300,0,'2024-03-23 23:15:11',7872035,7881335,60,270,0);
insert  into `bet_powerball`(`bet_fid`,`bet_state`,`bet_emp_fid`,`bet_mb_uid`,`bet_mb_name`,`bet_round_fid`,`bet_round_date`,`bet_round_no`,`bet_time`,`bet_game`,`bet_mode`,`bet_target`,`bet_ratio`,`bet_money`,`bet_result`,`bet_win_money`,`bet_view_state`,`bet_account_time`,`bet_before_money`,`bet_after_money`,`bet_empl_amount`,`bet_agen_amount`,`bet_comp_amount`) values (854,1,4,'e01','김사장',1486664,'2025-05-29',1,'2025-05-29 10:39:32',0,1,'P','1.93',10000,'',0,0,'0000-00-00 00:00:00',7881335,0,60,270,0);
insert  into `bet_powerball`(`bet_fid`,`bet_state`,`bet_emp_fid`,`bet_mb_uid`,`bet_mb_name`,`bet_round_fid`,`bet_round_date`,`bet_round_no`,`bet_time`,`bet_game`,`bet_mode`,`bet_target`,`bet_ratio`,`bet_money`,`bet_result`,`bet_win_money`,`bet_view_state`,`bet_account_time`,`bet_before_money`,`bet_after_money`,`bet_empl_amount`,`bet_agen_amount`,`bet_comp_amount`) values (855,1,4,'e01','김사장',1486664,'2025-05-29',1,'2025-05-29 10:39:32',0,1,'P','1.93',10000,'',0,0,'0000-00-00 00:00:00',7871335,0,60,270,0);
insert  into `bet_powerball`(`bet_fid`,`bet_state`,`bet_emp_fid`,`bet_mb_uid`,`bet_mb_name`,`bet_round_fid`,`bet_round_date`,`bet_round_no`,`bet_time`,`bet_game`,`bet_mode`,`bet_target`,`bet_ratio`,`bet_money`,`bet_result`,`bet_win_money`,`bet_view_state`,`bet_account_time`,`bet_before_money`,`bet_after_money`,`bet_empl_amount`,`bet_agen_amount`,`bet_comp_amount`) values (856,1,4,'e01','김사장',632,'2025-05-29',1,'2025-05-29 10:39:32',2,2,'B','1.93',10000,'',0,0,'0000-00-00 00:00:00',7861335,0,60,270,0);
insert  into `bet_powerball`(`bet_fid`,`bet_state`,`bet_emp_fid`,`bet_mb_uid`,`bet_mb_name`,`bet_round_fid`,`bet_round_date`,`bet_round_no`,`bet_time`,`bet_game`,`bet_mode`,`bet_target`,`bet_ratio`,`bet_money`,`bet_result`,`bet_win_money`,`bet_view_state`,`bet_account_time`,`bet_before_money`,`bet_after_money`,`bet_empl_amount`,`bet_agen_amount`,`bet_comp_amount`) values (857,1,4,'e01','김사장',632,'2025-05-29',1,'2025-05-29 10:39:32',2,11,'P','1.93',10000,'',0,0,'0000-00-00 00:00:00',7851335,0,60,270,0);
insert  into `bet_powerball`(`bet_fid`,`bet_state`,`bet_emp_fid`,`bet_mb_uid`,`bet_mb_name`,`bet_round_fid`,`bet_round_date`,`bet_round_no`,`bet_time`,`bet_game`,`bet_mode`,`bet_target`,`bet_ratio`,`bet_money`,`bet_result`,`bet_win_money`,`bet_view_state`,`bet_account_time`,`bet_before_money`,`bet_after_money`,`bet_empl_amount`,`bet_agen_amount`,`bet_comp_amount`) values (858,1,4,'e01','김사장',630,'2025-05-29',1,'2025-05-29 10:39:32',1,4,'B','1.93',10000,'',0,0,'0000-00-00 00:00:00',7841335,0,60,270,0);
insert  into `bet_powerball`(`bet_fid`,`bet_state`,`bet_emp_fid`,`bet_mb_uid`,`bet_mb_name`,`bet_round_fid`,`bet_round_date`,`bet_round_no`,`bet_time`,`bet_game`,`bet_mode`,`bet_target`,`bet_ratio`,`bet_money`,`bet_result`,`bet_win_money`,`bet_view_state`,`bet_account_time`,`bet_before_money`,`bet_after_money`,`bet_empl_amount`,`bet_agen_amount`,`bet_comp_amount`) values (859,1,4,'e01','김사장',630,'2025-05-29',1,'2025-05-29 10:39:32',1,13,'PP','3.72',10000,'',0,0,'0000-00-00 00:00:00',7831335,0,60,270,0);
insert  into `bet_powerball`(`bet_fid`,`bet_state`,`bet_emp_fid`,`bet_mb_uid`,`bet_mb_name`,`bet_round_fid`,`bet_round_date`,`bet_round_no`,`bet_time`,`bet_game`,`bet_mode`,`bet_target`,`bet_ratio`,`bet_money`,`bet_result`,`bet_win_money`,`bet_view_state`,`bet_account_time`,`bet_before_money`,`bet_after_money`,`bet_empl_amount`,`bet_agen_amount`,`bet_comp_amount`) values (860,1,4,'e01','김사장',630,'2025-05-29',1,'2025-05-29 10:39:32',1,41,'PPP','7.1',10000,'',0,0,'0000-00-00 00:00:00',7821335,0,60,270,0);
insert  into `bet_powerball`(`bet_fid`,`bet_state`,`bet_emp_fid`,`bet_mb_uid`,`bet_mb_name`,`bet_round_fid`,`bet_round_date`,`bet_round_no`,`bet_time`,`bet_game`,`bet_mode`,`bet_target`,`bet_ratio`,`bet_money`,`bet_result`,`bet_win_money`,`bet_view_state`,`bet_account_time`,`bet_before_money`,`bet_after_money`,`bet_empl_amount`,`bet_agen_amount`,`bet_comp_amount`) values (861,1,4,'e01','김사장',630,'2025-05-29',1,'2025-05-29 10:39:32',1,19,'S','2.30',10000,'',0,0,'0000-00-00 00:00:00',7811335,0,60,270,0);
insert  into `bet_powerball`(`bet_fid`,`bet_state`,`bet_emp_fid`,`bet_mb_uid`,`bet_mb_name`,`bet_round_fid`,`bet_round_date`,`bet_round_no`,`bet_time`,`bet_game`,`bet_mode`,`bet_target`,`bet_ratio`,`bet_money`,`bet_result`,`bet_win_money`,`bet_view_state`,`bet_account_time`,`bet_before_money`,`bet_after_money`,`bet_empl_amount`,`bet_agen_amount`,`bet_comp_amount`) values (862,1,4,'e01','김사장',630,'2025-05-29',1,'2025-05-29 10:39:32',1,17,'L','2.30',10000,'',0,0,'0000-00-00 00:00:00',7801335,0,60,270,0);
insert  into `bet_powerball`(`bet_fid`,`bet_state`,`bet_emp_fid`,`bet_mb_uid`,`bet_mb_name`,`bet_round_fid`,`bet_round_date`,`bet_round_no`,`bet_time`,`bet_game`,`bet_mode`,`bet_target`,`bet_ratio`,`bet_money`,`bet_result`,`bet_win_money`,`bet_view_state`,`bet_account_time`,`bet_before_money`,`bet_after_money`,`bet_empl_amount`,`bet_agen_amount`,`bet_comp_amount`) values (863,1,4,'e01','김사장',630,'2025-05-29',1,'2025-05-29 10:39:32',1,4,'B','1.93',10000,'',0,0,'0000-00-00 00:00:00',7791335,0,60,270,0);
insert  into `bet_powerball`(`bet_fid`,`bet_state`,`bet_emp_fid`,`bet_mb_uid`,`bet_mb_name`,`bet_round_fid`,`bet_round_date`,`bet_round_no`,`bet_time`,`bet_game`,`bet_mode`,`bet_target`,`bet_ratio`,`bet_money`,`bet_result`,`bet_win_money`,`bet_view_state`,`bet_account_time`,`bet_before_money`,`bet_after_money`,`bet_empl_amount`,`bet_agen_amount`,`bet_comp_amount`) values (864,1,4,'e01','조사장',651,'2025-05-29',125,'2025-05-29 10:39:32',2,3,'P','1.93',10000,'',0,0,'0000-00-00 00:00:00',7781335,0,60,270,0);
insert  into `bet_powerball`(`bet_fid`,`bet_state`,`bet_emp_fid`,`bet_mb_uid`,`bet_mb_name`,`bet_round_fid`,`bet_round_date`,`bet_round_no`,`bet_time`,`bet_game`,`bet_mode`,`bet_target`,`bet_ratio`,`bet_money`,`bet_result`,`bet_win_money`,`bet_view_state`,`bet_account_time`,`bet_before_money`,`bet_after_money`,`bet_empl_amount`,`bet_agen_amount`,`bet_comp_amount`) values (865,1,4,'e01','조사장',651,'2025-05-29',125,'2025-05-29 10:39:32',2,2,'B','1.93',10000,'',0,0,'0000-00-00 00:00:00',7771335,0,60,270,0);
insert  into `bet_powerball`(`bet_fid`,`bet_state`,`bet_emp_fid`,`bet_mb_uid`,`bet_mb_name`,`bet_round_fid`,`bet_round_date`,`bet_round_no`,`bet_time`,`bet_game`,`bet_mode`,`bet_target`,`bet_ratio`,`bet_money`,`bet_result`,`bet_win_money`,`bet_view_state`,`bet_account_time`,`bet_before_money`,`bet_after_money`,`bet_empl_amount`,`bet_agen_amount`,`bet_comp_amount`) values (866,2,4,'e01','조사장',663,'2025-05-29',129,'2025-05-29 10:50:04',2,1,'P','1.93',10000,'B',0,0,'2025-05-29 10:50:04',7761335,7751335,60,270,0);
insert  into `bet_powerball`(`bet_fid`,`bet_state`,`bet_emp_fid`,`bet_mb_uid`,`bet_mb_name`,`bet_round_fid`,`bet_round_date`,`bet_round_no`,`bet_time`,`bet_game`,`bet_mode`,`bet_target`,`bet_ratio`,`bet_money`,`bet_result`,`bet_win_money`,`bet_view_state`,`bet_account_time`,`bet_before_money`,`bet_after_money`,`bet_empl_amount`,`bet_agen_amount`,`bet_comp_amount`) values (867,3,4,'e01','이사장',1486795,'2025-05-29',132,'2025-05-29 11:00:03',0,1,'P','1.93',10000,'P',19300,0,'2025-05-29 11:00:03',7751335,7760635,60,270,0);
insert  into `bet_powerball`(`bet_fid`,`bet_state`,`bet_emp_fid`,`bet_mb_uid`,`bet_mb_name`,`bet_round_fid`,`bet_round_date`,`bet_round_no`,`bet_time`,`bet_game`,`bet_mode`,`bet_target`,`bet_ratio`,`bet_money`,`bet_result`,`bet_win_money`,`bet_view_state`,`bet_account_time`,`bet_before_money`,`bet_after_money`,`bet_empl_amount`,`bet_agen_amount`,`bet_comp_amount`) values (868,3,4,'e01','이사장',1486795,'2025-05-29',132,'2025-05-29 11:00:03',0,13,'PP','3.72',10000,'PP',37200,0,'2025-05-29 11:00:03',7741335,7787835,60,270,0);
insert  into `bet_powerball`(`bet_fid`,`bet_state`,`bet_emp_fid`,`bet_mb_uid`,`bet_mb_name`,`bet_round_fid`,`bet_round_date`,`bet_round_no`,`bet_time`,`bet_game`,`bet_mode`,`bet_target`,`bet_ratio`,`bet_money`,`bet_result`,`bet_win_money`,`bet_view_state`,`bet_account_time`,`bet_before_money`,`bet_after_money`,`bet_empl_amount`,`bet_agen_amount`,`bet_comp_amount`) values (869,2,4,'e01','이사장',674,'2025-05-29',132,'2025-05-29 11:00:03',2,5,'PP','4.15',10000,'BB',0,0,'2025-05-29 11:00:03',7731335,7721335,60,270,0);
insert  into `bet_powerball`(`bet_fid`,`bet_state`,`bet_emp_fid`,`bet_mb_uid`,`bet_mb_name`,`bet_round_fid`,`bet_round_date`,`bet_round_no`,`bet_time`,`bet_game`,`bet_mode`,`bet_target`,`bet_ratio`,`bet_money`,`bet_result`,`bet_win_money`,`bet_view_state`,`bet_account_time`,`bet_before_money`,`bet_after_money`,`bet_empl_amount`,`bet_agen_amount`,`bet_comp_amount`) values (870,2,4,'e01','이사장',674,'2025-05-29',132,'2025-05-29 11:00:03',2,43,'PPP','7.1',10000,'BBB',0,0,'2025-05-29 11:00:03',7721335,7711335,60,270,0);
insert  into `bet_powerball`(`bet_fid`,`bet_state`,`bet_emp_fid`,`bet_mb_uid`,`bet_mb_name`,`bet_round_fid`,`bet_round_date`,`bet_round_no`,`bet_time`,`bet_game`,`bet_mode`,`bet_target`,`bet_ratio`,`bet_money`,`bet_result`,`bet_win_money`,`bet_view_state`,`bet_account_time`,`bet_before_money`,`bet_after_money`,`bet_empl_amount`,`bet_agen_amount`,`bet_comp_amount`) values (871,3,4,'e01','이사장',672,'2025-05-29',132,'2025-05-29 11:00:12',1,9,'P','1.93',10000,'P',19300,0,'2025-05-29 11:00:12',7711335,7720635,60,270,0);
insert  into `bet_powerball`(`bet_fid`,`bet_state`,`bet_emp_fid`,`bet_mb_uid`,`bet_mb_name`,`bet_round_fid`,`bet_round_date`,`bet_round_no`,`bet_time`,`bet_game`,`bet_mode`,`bet_target`,`bet_ratio`,`bet_money`,`bet_result`,`bet_win_money`,`bet_view_state`,`bet_account_time`,`bet_before_money`,`bet_after_money`,`bet_empl_amount`,`bet_agen_amount`,`bet_comp_amount`) values (872,2,4,'e01','이사장',672,'2025-05-29',132,'2025-05-29 11:00:13',1,13,'PP','3.72',10000,'PB',0,0,'2025-05-29 11:00:13',7701335,7710635,60,270,0);
insert  into `bet_powerball`(`bet_fid`,`bet_state`,`bet_emp_fid`,`bet_mb_uid`,`bet_mb_name`,`bet_round_fid`,`bet_round_date`,`bet_round_no`,`bet_time`,`bet_game`,`bet_mode`,`bet_target`,`bet_ratio`,`bet_money`,`bet_result`,`bet_win_money`,`bet_view_state`,`bet_account_time`,`bet_before_money`,`bet_after_money`,`bet_empl_amount`,`bet_agen_amount`,`bet_comp_amount`) values (873,2,4,'e01','이사장',672,'2025-05-29',132,'2025-05-29 11:00:13',1,16,'BB','3.72',10000,'PB',0,0,'2025-05-29 11:00:13',7691335,7700635,60,270,0);
insert  into `bet_powerball`(`bet_fid`,`bet_state`,`bet_emp_fid`,`bet_mb_uid`,`bet_mb_name`,`bet_round_fid`,`bet_round_date`,`bet_round_no`,`bet_time`,`bet_game`,`bet_mode`,`bet_target`,`bet_ratio`,`bet_money`,`bet_result`,`bet_win_money`,`bet_view_state`,`bet_account_time`,`bet_before_money`,`bet_after_money`,`bet_empl_amount`,`bet_agen_amount`,`bet_comp_amount`) values (874,4,4,'e01','이사장',672,'2025-05-29',132,'2025-05-29 10:56:05',1,18,'M','2.20',10000,'',0,0,'2025-05-29 10:56:05',7681335,0,60,270,0);
insert  into `bet_powerball`(`bet_fid`,`bet_state`,`bet_emp_fid`,`bet_mb_uid`,`bet_mb_name`,`bet_round_fid`,`bet_round_date`,`bet_round_no`,`bet_time`,`bet_game`,`bet_mode`,`bet_target`,`bet_ratio`,`bet_money`,`bet_result`,`bet_win_money`,`bet_view_state`,`bet_account_time`,`bet_before_money`,`bet_after_money`,`bet_empl_amount`,`bet_agen_amount`,`bet_comp_amount`) values (875,3,4,'e01','조사장',1486799,'2025-05-29',136,'2025-05-29 11:20:05',0,1,'P','1.93',10000,'P',19300,0,'2025-05-29 11:20:05',7757135,7766435,60,270,0);
insert  into `bet_powerball`(`bet_fid`,`bet_state`,`bet_emp_fid`,`bet_mb_uid`,`bet_mb_name`,`bet_round_fid`,`bet_round_date`,`bet_round_no`,`bet_time`,`bet_game`,`bet_mode`,`bet_target`,`bet_ratio`,`bet_money`,`bet_result`,`bet_win_money`,`bet_view_state`,`bet_account_time`,`bet_before_money`,`bet_after_money`,`bet_empl_amount`,`bet_agen_amount`,`bet_comp_amount`) values (876,2,4,'e01','조사장',1486799,'2025-05-29',136,'2025-05-29 11:20:05',0,6,'BP','3.05',10000,'PB',0,0,'2025-05-29 11:20:05',7747135,7756435,60,270,0);
insert  into `bet_powerball`(`bet_fid`,`bet_state`,`bet_emp_fid`,`bet_mb_uid`,`bet_mb_name`,`bet_round_fid`,`bet_round_date`,`bet_round_no`,`bet_time`,`bet_game`,`bet_mode`,`bet_target`,`bet_ratio`,`bet_money`,`bet_result`,`bet_win_money`,`bet_view_state`,`bet_account_time`,`bet_before_money`,`bet_after_money`,`bet_empl_amount`,`bet_agen_amount`,`bet_comp_amount`) values (877,2,4,'e01','조사장',680,'2025-05-29',136,'2025-05-29 11:20:05',2,2,'B','1.93',10000,'P',0,0,'2025-05-29 11:20:05',7737135,7727135,60,270,0);
insert  into `bet_powerball`(`bet_fid`,`bet_state`,`bet_emp_fid`,`bet_mb_uid`,`bet_mb_name`,`bet_round_fid`,`bet_round_date`,`bet_round_no`,`bet_time`,`bet_game`,`bet_mode`,`bet_target`,`bet_ratio`,`bet_money`,`bet_result`,`bet_win_money`,`bet_view_state`,`bet_account_time`,`bet_before_money`,`bet_after_money`,`bet_empl_amount`,`bet_agen_amount`,`bet_comp_amount`) values (878,3,4,'e01','조사장',1486801,'2025-05-29',138,'2025-05-29 11:30:03',0,2,'B','1.93',10000,'B',19300,0,'2025-05-29 11:30:03',7749495,7758795,60,270,0);
insert  into `bet_powerball`(`bet_fid`,`bet_state`,`bet_emp_fid`,`bet_mb_uid`,`bet_mb_name`,`bet_round_fid`,`bet_round_date`,`bet_round_no`,`bet_time`,`bet_game`,`bet_mode`,`bet_target`,`bet_ratio`,`bet_money`,`bet_result`,`bet_win_money`,`bet_view_state`,`bet_account_time`,`bet_before_money`,`bet_after_money`,`bet_empl_amount`,`bet_agen_amount`,`bet_comp_amount`) values (879,3,4,'e01','조사장',1486801,'2025-05-29',138,'2025-05-29 11:30:04',0,13,'PP','3.72',10000,'PP',37200,0,'2025-05-29 11:30:04',7739495,7785995,60,270,0);
insert  into `bet_powerball`(`bet_fid`,`bet_state`,`bet_emp_fid`,`bet_mb_uid`,`bet_mb_name`,`bet_round_fid`,`bet_round_date`,`bet_round_no`,`bet_time`,`bet_game`,`bet_mode`,`bet_target`,`bet_ratio`,`bet_money`,`bet_result`,`bet_win_money`,`bet_view_state`,`bet_account_time`,`bet_before_money`,`bet_after_money`,`bet_empl_amount`,`bet_agen_amount`,`bet_comp_amount`) values (880,2,4,'e01','조사장',1486801,'2025-05-29',138,'2025-05-29 11:30:04',0,43,'PPP','7.1',10000,'PPB',0,0,'2025-05-29 11:30:04',7729495,7775995,60,270,0);
insert  into `bet_powerball`(`bet_fid`,`bet_state`,`bet_emp_fid`,`bet_mb_uid`,`bet_mb_name`,`bet_round_fid`,`bet_round_date`,`bet_round_no`,`bet_time`,`bet_game`,`bet_mode`,`bet_target`,`bet_ratio`,`bet_money`,`bet_result`,`bet_win_money`,`bet_view_state`,`bet_account_time`,`bet_before_money`,`bet_after_money`,`bet_empl_amount`,`bet_agen_amount`,`bet_comp_amount`) values (881,2,4,'e01','조사장',1486801,'2025-05-29',138,'2025-05-29 11:30:04',0,32,'Q','9.0',10000,'0',0,0,'2025-05-29 11:30:04',7719495,7765995,60,270,0);
insert  into `bet_powerball`(`bet_fid`,`bet_state`,`bet_emp_fid`,`bet_mb_uid`,`bet_mb_name`,`bet_round_fid`,`bet_round_date`,`bet_round_no`,`bet_time`,`bet_game`,`bet_mode`,`bet_target`,`bet_ratio`,`bet_money`,`bet_result`,`bet_win_money`,`bet_view_state`,`bet_account_time`,`bet_before_money`,`bet_after_money`,`bet_empl_amount`,`bet_agen_amount`,`bet_comp_amount`) values (882,2,4,'e01','조사장',686,'2025-05-29',138,'2025-05-29 11:30:04',2,4,'B','1.93',10000,'P',0,0,'2025-05-29 11:30:04',7709495,7699495,60,270,0);
insert  into `bet_powerball`(`bet_fid`,`bet_state`,`bet_emp_fid`,`bet_mb_uid`,`bet_mb_name`,`bet_round_fid`,`bet_round_date`,`bet_round_no`,`bet_time`,`bet_game`,`bet_mode`,`bet_target`,`bet_ratio`,`bet_money`,`bet_result`,`bet_win_money`,`bet_view_state`,`bet_account_time`,`bet_before_money`,`bet_after_money`,`bet_empl_amount`,`bet_agen_amount`,`bet_comp_amount`) values (883,3,4,'e01','조사장',686,'2025-05-29',138,'2025-05-29 11:30:04',2,15,'PB','3.72',10000,'PB',37200,0,'2025-05-29 11:30:04',7699495,7726695,60,270,0);
insert  into `bet_powerball`(`bet_fid`,`bet_state`,`bet_emp_fid`,`bet_mb_uid`,`bet_mb_name`,`bet_round_fid`,`bet_round_date`,`bet_round_no`,`bet_time`,`bet_game`,`bet_mode`,`bet_target`,`bet_ratio`,`bet_money`,`bet_result`,`bet_win_money`,`bet_view_state`,`bet_account_time`,`bet_before_money`,`bet_after_money`,`bet_empl_amount`,`bet_agen_amount`,`bet_comp_amount`) values (884,3,4,'e01','조사장',686,'2025-05-29',138,'2025-05-29 11:30:04',2,31,'Q','9.0',10000,'1',90000,0,'2025-05-29 11:30:04',7689495,7806695,60,270,0);
insert  into `bet_powerball`(`bet_fid`,`bet_state`,`bet_emp_fid`,`bet_mb_uid`,`bet_mb_name`,`bet_round_fid`,`bet_round_date`,`bet_round_no`,`bet_time`,`bet_game`,`bet_mode`,`bet_target`,`bet_ratio`,`bet_money`,`bet_result`,`bet_win_money`,`bet_view_state`,`bet_account_time`,`bet_before_money`,`bet_after_money`,`bet_empl_amount`,`bet_agen_amount`,`bet_comp_amount`) values (885,2,4,'e01','조사장',689,'2025-05-29',139,'2025-05-29 11:35:05',2,4,'B','1.93',10000,'P',0,0,'2025-05-29 11:35:05',7863195,7853195,60,270,0);

/*Table structure for table `board_notice` */

DROP TABLE IF EXISTS `board_notice`;

CREATE TABLE `board_notice` (
  `notice_fid` int(11) NOT NULL AUTO_INCREMENT,
  `notice_type` int(11) NOT NULL,
  `notice_title` varchar(100) NOT NULL,
  `notice_content` text NOT NULL,
  `notice_answer` text NOT NULL,
  `notice_send_uid` varchar(30) NOT NULL,
  `notice_recv_uid` varchar(30) NOT NULL,
  `notice_read_count` int(11) NOT NULL,
  `notice_time_create` datetime NOT NULL,
  `notice_send_delete` int(11) NOT NULL,
  `notice_recv_delete` int(11) NOT NULL,
  PRIMARY KEY (`notice_fid`)
) ENGINE=InnoDB AUTO_INCREMENT=47 DEFAULT CHARSET=utf8mb4;

/*Data for the table `board_notice` */

insert  into `board_notice`(`notice_fid`,`notice_type`,`notice_title`,`notice_content`,`notice_answer`,`notice_send_uid`,`notice_recv_uid`,`notice_read_count`,`notice_time_create`,`notice_send_delete`,`notice_recv_delete`) values (44,3,'45655','789879','','devemp','e01',0,'2024-03-23 23:14:07',0,1);
insert  into `board_notice`(`notice_fid`,`notice_type`,`notice_title`,`notice_content`,`notice_answer`,`notice_send_uid`,`notice_recv_uid`,`notice_read_count`,`notice_time_create`,`notice_send_delete`,`notice_recv_delete`) values (45,3,'789','789','','e01','devemp',0,'2024-03-23 23:14:36',0,1);
insert  into `board_notice`(`notice_fid`,`notice_type`,`notice_title`,`notice_content`,`notice_answer`,`notice_send_uid`,`notice_recv_uid`,`notice_read_count`,`notice_time_create`,`notice_send_delete`,`notice_recv_delete`) values (46,3,'1234','1234','','bestar','devemp',0,'2024-03-23 23:20:24',0,1);

/*Table structure for table `conf_game` */

DROP TABLE IF EXISTS `conf_game`;

CREATE TABLE `conf_game` (
  `game_index` int(11) NOT NULL,
  `game_name` varchar(20) NOT NULL,
  `game_bet_permit` int(11) NOT NULL,
  `game_autobet_permit` int(11) NOT NULL,
  `game_time_countdown` int(11) NOT NULL,
  `game_time_delay` int(11) NOT NULL,
  `game_min_bet_money` int(11) NOT NULL,
  `game_max_bet_money` int(11) NOT NULL,
  `game_ratio` varchar(4) NOT NULL,
  `game_ratio_1` varchar(4) NOT NULL,
  `game_ratio_2` varchar(4) NOT NULL,
  `game_ratio_3` varchar(4) NOT NULL,
  `game_ratio_4` varchar(4) NOT NULL,
  `game_ratio_5` varchar(4) NOT NULL,
  `game_ratio_6` varchar(4) NOT NULL,
  `game_ratio_7` varchar(4) NOT NULL,
  `game_ratio_8` varchar(4) NOT NULL,
  `game_ratio_9` varchar(4) NOT NULL,
  `game_ratio_10` varchar(4) NOT NULL,
  `game_ratio_11` varchar(4) NOT NULL,
  `game_ratio_12` varchar(4) NOT NULL,
  `game_ratio_13` varchar(4) NOT NULL,
  `game_ratio_14` varchar(4) NOT NULL,
  `game_ratio_15` varchar(4) NOT NULL,
  `game_ratio_16` varchar(4) NOT NULL,
  `game_ratio_17` varchar(4) NOT NULL,
  `game_ratio_18` varchar(4) NOT NULL,
  `game_ratio_19` varchar(4) NOT NULL,
  `game_ratio_20` varchar(4) NOT NULL,
  `game_ratio_21` varchar(4) NOT NULL,
  `game_ratio_22` varchar(4) NOT NULL,
  `game_ratio_23` varchar(4) NOT NULL,
  `game_ratio_24` varchar(4) NOT NULL,
  `game_ratio_25` varchar(4) NOT NULL,
  `game_ratio_26` varchar(4) NOT NULL,
  `game_percent_1` int(11) NOT NULL,
  `game_percent_2` int(11) NOT NULL,
  `game_event_id` int(11) NOT NULL,
  `game_multibet` int(11) NOT NULL,
  PRIMARY KEY (`game_index`)
) ENGINE=InnoDB DEFAULT CHARSET=utf8mb4;

/*Data for the table `conf_game` */

insert  into `conf_game`(`game_index`,`game_name`,`game_bet_permit`,`game_autobet_permit`,`game_time_countdown`,`game_time_delay`,`game_min_bet_money`,`game_max_bet_money`,`game_ratio`,`game_ratio_1`,`game_ratio_2`,`game_ratio_3`,`game_ratio_4`,`game_ratio_5`,`game_ratio_6`,`game_ratio_7`,`game_ratio_8`,`game_ratio_9`,`game_ratio_10`,`game_ratio_11`,`game_ratio_12`,`game_ratio_13`,`game_ratio_14`,`game_ratio_15`,`game_ratio_16`,`game_ratio_17`,`game_ratio_18`,`game_ratio_19`,`game_ratio_20`,`game_ratio_21`,`game_ratio_22`,`game_ratio_23`,`game_ratio_24`,`game_ratio_25`,`game_ratio_26`,`game_percent_1`,`game_percent_2`,`game_event_id`,`game_multibet`) values (0,'powerball',1,1,30,0,10,15000000,'1.95','1.93','1.93','1.93','1.93','4.15','3.05','3.05','4.15','3.72','3.72','3.72','3.72','2.30','2.20','2.30','4.40','4.20','4.40','4.40','4.20','4.40','7.1','9.0','4.4','4.2','4.4',100,100,1,1);
insert  into `conf_game`(`game_index`,`game_name`,`game_bet_permit`,`game_autobet_permit`,`game_time_countdown`,`game_time_delay`,`game_min_bet_money`,`game_max_bet_money`,`game_ratio`,`game_ratio_1`,`game_ratio_2`,`game_ratio_3`,`game_ratio_4`,`game_ratio_5`,`game_ratio_6`,`game_ratio_7`,`game_ratio_8`,`game_ratio_9`,`game_ratio_10`,`game_ratio_11`,`game_ratio_12`,`game_ratio_13`,`game_ratio_14`,`game_ratio_15`,`game_ratio_16`,`game_ratio_17`,`game_ratio_18`,`game_ratio_19`,`game_ratio_20`,`game_ratio_21`,`game_ratio_22`,`game_ratio_23`,`game_ratio_24`,`game_ratio_25`,`game_ratio_26`,`game_percent_1`,`game_percent_2`,`game_event_id`,`game_multibet`) values (1,'coin_5',1,1,30,0,10,15000000,'1.95','1.93','1.93','1.93','1.93','4.15','3.05','3.05','4.15','3.72','3.72','3.72','3.72','2.30','2.20','2.30','4.40','4.20','4.40','4.40','4.20','4.40','7.1','9.0','4.4','4.2','4.4',100,100,1,1);
insert  into `conf_game`(`game_index`,`game_name`,`game_bet_permit`,`game_autobet_permit`,`game_time_countdown`,`game_time_delay`,`game_min_bet_money`,`game_max_bet_money`,`game_ratio`,`game_ratio_1`,`game_ratio_2`,`game_ratio_3`,`game_ratio_4`,`game_ratio_5`,`game_ratio_6`,`game_ratio_7`,`game_ratio_8`,`game_ratio_9`,`game_ratio_10`,`game_ratio_11`,`game_ratio_12`,`game_ratio_13`,`game_ratio_14`,`game_ratio_15`,`game_ratio_16`,`game_ratio_17`,`game_ratio_18`,`game_ratio_19`,`game_ratio_20`,`game_ratio_21`,`game_ratio_22`,`game_ratio_23`,`game_ratio_24`,`game_ratio_25`,`game_ratio_26`,`game_percent_1`,`game_percent_2`,`game_event_id`,`game_multibet`) values (2,'eos_5',1,1,30,0,10,15000000,'1.95','1.93','1.93','1.93','1.93','4.15','3.05','3.05','4.15','3.72','3.72','3.72','3.72','2.30','2.20','2.30','4.40','4.20','4.40','4.40','4.20','4.40','7.1','9.0','4.4','4.2','4.4',100,100,1,1);

/*Table structure for table `conf_site` */

DROP TABLE IF EXISTS `conf_site`;

CREATE TABLE `conf_site` (
  `conf_id` int(11) NOT NULL,
  `conf_memo` varchar(20) NOT NULL,
  `conf_content` text NOT NULL,
  `conf_active` int(11) NOT NULL,
  PRIMARY KEY (`conf_id`)
) ENGINE=InnoDB DEFAULT CHARSET=utf8mb4;

/*Data for the table `conf_site` */

insert  into `conf_site`(`conf_id`,`conf_memo`,`conf_content`,`conf_active`) values (1,'사이트명','Lion',0);
insert  into `conf_site`(`conf_id`,`conf_memo`,`conf_content`,`conf_active`) values (2,'도메인명','ball.com',0);
insert  into `conf_site`(`conf_id`,`conf_memo`,`conf_content`,`conf_active`) values (3,'홈페이지','http://ball.com:8080/',0);
insert  into `conf_site`(`conf_id`,`conf_memo`,`conf_content`,`conf_active`) values (4,'관리툴주소','http://ball.com:8081/',0);
insert  into `conf_site`(`conf_id`,`conf_memo`,`conf_content`,`conf_active`) values (5,'메인공지','																																																★ 입금 전 충전계좌 확인 드립니다. ★						\n									\n									\n									\n									\n									\n									\n									\n					\n					\n					\n					\n					\n			',0);
insert  into `conf_site`(`conf_id`,`conf_memo`,`conf_content`,`conf_active`) values (6,'입금안내','	- 입금자명과 통장 예금주가 일치하지 않을 경우 처리가 불가능 합니다.\n\n	- 계좌번호 및 예금자명 등을 변경하셔야 할 경우 고객센터로 문의 바랍니다.\n\n	- 은행 점검시간(23:30~00:30) 에는 신청을 피해 주시기 바랍니다.\n\n	- 1회 최대 입금 금액은 1천만원 이하로 부탁 드립니다.\n	\n	- 동일계좌로 재 입금 요청 시 5-10분의 간격을 두어야 합니다.\n		\n					\n					\n					\n					\n			',0);
insert  into `conf_site`(`conf_id`,`conf_memo`,`conf_content`,`conf_active`) values (7,'출금안내','	- 환전 신청 후 계좌 입금까지 3-5분 소요되며, 보유머니는 환전 신청 즉시 차감됩니다.\n\n	- 10분 이상 입금이 지연되는 경우, 계좌번호, 예금주의 변경 등은 고객센터에 문의해 주세요\n\n	- 은행 점검시간(23:30~00:30) 에는 신청을 피해 주시기 바랍니다.\n\n	- 최소 출금 신청 금액은 10,000원 입니다.		\n					\n					\n					\n					\n			',0);
insert  into `conf_site`(`conf_id`,`conf_memo`,`conf_content`,`conf_active`) values (8,'입금통장','똘이네 비밀금고 1234567890',0);
insert  into `conf_site`(`conf_id`,`conf_memo`,`conf_content`,`conf_active`) values (9,'계좌문의 매크로','',0);
insert  into `conf_site`(`conf_id`,`conf_memo`,`conf_content`,`conf_active`) values (10,'사이트점검','- 점검내용\n    사이트 임시점검을 진행합니다.\n    사이트 안정화를 위한 점검입니다.\n    점검이 조기오픈되는 경우 즉시 알려드리겠습니다.\n-점검일시\n    	2021년 08월 08일 (일) 4시~ 6시까지',0);
insert  into `conf_site`(`conf_id`,`conf_memo`,`conf_content`,`conf_active`) values (11,'배팅사이트','gold.com:8080/e03/1234/100/100/100',0);
insert  into `conf_site`(`conf_id`,`conf_memo`,`conf_content`,`conf_active`) values (12,'긴급공지','',0);
insert  into `conf_site`(`conf_id`,`conf_memo`,`conf_content`,`conf_active`) values (13,'게임아이디','',0);
insert  into `conf_site`(`conf_id`,`conf_memo`,`conf_content`,`conf_active`) values (14,'게임Idx','',0);

/*Table structure for table `del_history` */

DROP TABLE IF EXISTS `del_history`;

CREATE TABLE `del_history` (
  `del_fid` int(11) NOT NULL AUTO_INCREMENT,
  `del_emp_uid` varchar(50) NOT NULL,
  `del_mb_uid` varchar(50) NOT NULL,
  `del_time` datetime NOT NULL,
  PRIMARY KEY (`del_fid`)
) ENGINE=InnoDB AUTO_INCREMENT=7 DEFAULT CHARSET=utf8mb4;

/*Data for the table `del_history` */

insert  into `del_history`(`del_fid`,`del_emp_uid`,`del_mb_uid`,`del_time`) values (1,'devemp','테스트7','2021-11-21 23:51:57');
insert  into `del_history`(`del_fid`,`del_emp_uid`,`del_mb_uid`,`del_time`) values (2,'devemp','테스트6','2021-11-21 23:53:26');
insert  into `del_history`(`del_fid`,`del_emp_uid`,`del_mb_uid`,`del_time`) values (3,'bestar','RGroup','2021-11-21 23:54:30');
insert  into `del_history`(`del_fid`,`del_emp_uid`,`del_mb_uid`,`del_time`) values (4,'devemp','테스트5','2024-03-24 00:02:49');
insert  into `del_history`(`del_fid`,`del_emp_uid`,`del_mb_uid`,`del_time`) values (5,'bestar','dev000','2024-03-24 00:04:08');
insert  into `del_history`(`del_fid`,`del_emp_uid`,`del_mb_uid`,`del_time`) values (6,'bestar','bestggg','2024-03-24 00:04:57');

/*Table structure for table `log_history` */

DROP TABLE IF EXISTS `log_history`;

CREATE TABLE `log_history` (
  `log_fid` int(11) NOT NULL AUTO_INCREMENT,
  `log_mb_uid` varchar(30) NOT NULL,
  `log_emp_fid` int(11) NOT NULL,
  `log_type` int(11) NOT NULL,
  `log_ip` varchar(50) NOT NULL,
  `log_time` datetime NOT NULL,
  PRIMARY KEY (`log_fid`)
) ENGINE=InnoDB AUTO_INCREMENT=656 DEFAULT CHARSET=utf8mb4;

/*Data for the table `log_history` */

insert  into `log_history`(`log_fid`,`log_mb_uid`,`log_emp_fid`,`log_type`,`log_ip`,`log_time`) values (633,'e01',4,1,'127.0.0.1','2024-03-09 17:07:08');
insert  into `log_history`(`log_fid`,`log_mb_uid`,`log_emp_fid`,`log_type`,`log_ip`,`log_time`) values (634,'bestar',0,1,'127.0.0.1','2024-03-09 17:09:08');
insert  into `log_history`(`log_fid`,`log_mb_uid`,`log_emp_fid`,`log_type`,`log_ip`,`log_time`) values (635,'e01',4,1,'127.0.0.1','2024-03-09 23:07:35');
insert  into `log_history`(`log_fid`,`log_mb_uid`,`log_emp_fid`,`log_type`,`log_ip`,`log_time`) values (636,'devemp',0,1,'127.0.0.1','2024-03-09 23:08:02');
insert  into `log_history`(`log_fid`,`log_mb_uid`,`log_emp_fid`,`log_type`,`log_ip`,`log_time`) values (637,'bestar',0,1,'127.0.0.1','2024-03-09 23:08:26');
insert  into `log_history`(`log_fid`,`log_mb_uid`,`log_emp_fid`,`log_type`,`log_ip`,`log_time`) values (638,'e01',4,1,'127.0.0.1','2024-03-23 15:35:49');
insert  into `log_history`(`log_fid`,`log_mb_uid`,`log_emp_fid`,`log_type`,`log_ip`,`log_time`) values (639,'bestar',0,1,'127.0.0.1','2024-03-23 16:28:17');
insert  into `log_history`(`log_fid`,`log_mb_uid`,`log_emp_fid`,`log_type`,`log_ip`,`log_time`) values (640,'devemp',0,1,'127.0.0.1','2024-03-23 16:29:01');
insert  into `log_history`(`log_fid`,`log_mb_uid`,`log_emp_fid`,`log_type`,`log_ip`,`log_time`) values (641,'e01',4,1,'127.0.0.1','2024-03-23 20:46:20');
insert  into `log_history`(`log_fid`,`log_mb_uid`,`log_emp_fid`,`log_type`,`log_ip`,`log_time`) values (642,'devemp',0,1,'127.0.0.1','2024-03-23 20:46:41');
insert  into `log_history`(`log_fid`,`log_mb_uid`,`log_emp_fid`,`log_type`,`log_ip`,`log_time`) values (643,'bestar',0,1,'127.0.0.1','2024-03-23 23:12:21');
insert  into `log_history`(`log_fid`,`log_mb_uid`,`log_emp_fid`,`log_type`,`log_ip`,`log_time`) values (644,'e01',4,1,'127.0.0.1','2024-03-23 23:31:13');
insert  into `log_history`(`log_fid`,`log_mb_uid`,`log_emp_fid`,`log_type`,`log_ip`,`log_time`) values (645,'dev000',0,1,'127.0.0.1','2024-03-24 00:03:54');
insert  into `log_history`(`log_fid`,`log_mb_uid`,`log_emp_fid`,`log_type`,`log_ip`,`log_time`) values (646,'bestggg',0,1,'127.0.0.1','2024-03-24 00:04:18');
insert  into `log_history`(`log_fid`,`log_mb_uid`,`log_emp_fid`,`log_type`,`log_ip`,`log_time`) values (647,'e01',4,1,'127.0.0.1','2024-06-16 11:41:03');
insert  into `log_history`(`log_fid`,`log_mb_uid`,`log_emp_fid`,`log_type`,`log_ip`,`log_time`) values (648,'e01',4,1,'127.0.0.1','2024-09-06 19:49:34');
insert  into `log_history`(`log_fid`,`log_mb_uid`,`log_emp_fid`,`log_type`,`log_ip`,`log_time`) values (649,'e01',4,1,'127.0.0.1','2024-09-07 00:09:28');
insert  into `log_history`(`log_fid`,`log_mb_uid`,`log_emp_fid`,`log_type`,`log_ip`,`log_time`) values (650,'e01',4,1,'127.0.0.1','2025-05-28 22:44:42');
insert  into `log_history`(`log_fid`,`log_mb_uid`,`log_emp_fid`,`log_type`,`log_ip`,`log_time`) values (651,'e01',4,1,'127.0.0.1','2025-05-29 00:01:39');
insert  into `log_history`(`log_fid`,`log_mb_uid`,`log_emp_fid`,`log_type`,`log_ip`,`log_time`) values (652,'e01',4,1,'127.0.0.1','2025-05-29 10:15:37');
insert  into `log_history`(`log_fid`,`log_mb_uid`,`log_emp_fid`,`log_type`,`log_ip`,`log_time`) values (653,'devemp',0,1,'127.0.0.1','2025-05-29 11:30:15');
insert  into `log_history`(`log_fid`,`log_mb_uid`,`log_emp_fid`,`log_type`,`log_ip`,`log_time`) values (654,'devteam',0,1,'127.0.0.1','2025-05-29 11:30:20');
insert  into `log_history`(`log_fid`,`log_mb_uid`,`log_emp_fid`,`log_type`,`log_ip`,`log_time`) values (655,'e01',4,1,'127.0.0.1','2025-06-05 15:54:36');

/*Table structure for table `member` */

DROP TABLE IF EXISTS `member`;

CREATE TABLE `member` (
  `mb_fid` int(11) NOT NULL AUTO_INCREMENT,
  `mb_uid` varchar(50) NOT NULL,
  `mb_pwd` varchar(50) NOT NULL,
  `mb_level` int(11) NOT NULL,
  `mb_emp_fid` int(11) NOT NULL,
  `mb_nickname` varchar(50) NOT NULL,
  `mb_user` varchar(500) NOT NULL,
  `mb_money` int(11) unsigned NOT NULL,
  `mb_point` int(11) unsigned NOT NULL,
  `mb_time_join` datetime NOT NULL,
  `mb_time_last` datetime NOT NULL,
  `mb_ip_last` varchar(30) NOT NULL,
  `mb_game_pb_ratio` varchar(6) NOT NULL,
  `mb_state_active` int(11) NOT NULL,
  `mb_state_delete` int(11) NOT NULL,
  `mb_state_print` int(11) NOT NULL,
  `mb_limit_round` int(11) NOT NULL,
  `mb_limit_single` int(11) NOT NULL,
  `mb_limit_mix` int(11) NOT NULL,
  PRIMARY KEY (`mb_fid`)
) ENGINE=InnoDB AUTO_INCREMENT=47 DEFAULT CHARSET=utf8mb4;

/*Data for the table `member` */

insert  into `member`(`mb_fid`,`mb_uid`,`mb_pwd`,`mb_level`,`mb_emp_fid`,`mb_nickname`,`mb_user`,`mb_money`,`mb_point`,`mb_time_join`,`mb_time_last`,`mb_ip_last`,`mb_game_pb_ratio`,`mb_state_active`,`mb_state_delete`,`mb_state_print`,`mb_limit_round`,`mb_limit_single`,`mb_limit_mix`) values (1,'bestar','1234',11,0,'bestar','',314436,0,'2020-09-14 18:44:40','2024-03-23 23:12:21','127.0.0.1','0',1,0,0,0,0,0);
insert  into `member`(`mb_fid`,`mb_uid`,`mb_pwd`,`mb_level`,`mb_emp_fid`,`mb_nickname`,`mb_user`,`mb_money`,`mb_point`,`mb_time_join`,`mb_time_last`,`mb_ip_last`,`mb_game_pb_ratio`,`mb_state_active`,`mb_state_delete`,`mb_state_print`,`mb_limit_round`,`mb_limit_single`,`mb_limit_mix`) values (2,'devteam','1234',9,0,'개발팀','',15000,15462,'2020-09-15 00:58:02','2025-05-29 11:30:20','127.0.0.1','2.5',1,0,0,0,0,0);
insert  into `member`(`mb_fid`,`mb_uid`,`mb_pwd`,`mb_level`,`mb_emp_fid`,`mb_nickname`,`mb_user`,`mb_money`,`mb_point`,`mb_time_join`,`mb_time_last`,`mb_ip_last`,`mb_game_pb_ratio`,`mb_state_active`,`mb_state_delete`,`mb_state_print`,`mb_limit_round`,`mb_limit_single`,`mb_limit_mix`) values (4,'devemp','1234',8,0,'개발테','',2000000,131535,'2020-09-15 01:00:23','2025-05-29 11:30:15','127.0.0.1','3.3',1,0,0,0,0,0);
insert  into `member`(`mb_fid`,`mb_uid`,`mb_pwd`,`mb_level`,`mb_emp_fid`,`mb_nickname`,`mb_user`,`mb_money`,`mb_point`,`mb_time_join`,`mb_time_last`,`mb_ip_last`,`mb_game_pb_ratio`,`mb_state_active`,`mb_state_delete`,`mb_state_print`,`mb_limit_round`,`mb_limit_single`,`mb_limit_mix`) values (5,'e01','1234',7,4,'지실장님','김사장#이사장#조사장#노사장#불새#2#파워볼###',7853195,480,'2020-09-15 01:20:28','2025-06-05 15:54:36','127.0.0.1','0.6',1,0,0,400000,400000,500000);
insert  into `member`(`mb_fid`,`mb_uid`,`mb_pwd`,`mb_level`,`mb_emp_fid`,`mb_nickname`,`mb_user`,`mb_money`,`mb_point`,`mb_time_join`,`mb_time_last`,`mb_ip_last`,`mb_game_pb_ratio`,`mb_state_active`,`mb_state_delete`,`mb_state_print`,`mb_limit_round`,`mb_limit_single`,`mb_limit_mix`) values (7,'kkk','123',9,0,'kteam','',0,0,'2020-09-24 11:55:36','2020-10-05 00:34:46','','2.55',1,0,0,0,0,0);
insert  into `member`(`mb_fid`,`mb_uid`,`mb_pwd`,`mb_level`,`mb_emp_fid`,`mb_nickname`,`mb_user`,`mb_money`,`mb_point`,`mb_time_join`,`mb_time_last`,`mb_ip_last`,`mb_game_pb_ratio`,`mb_state_active`,`mb_state_delete`,`mb_state_print`,`mb_limit_round`,`mb_limit_single`,`mb_limit_mix`) values (8,'RRR','123',9,0,'RTeam','',0,0,'2020-09-24 13:07:00','2020-09-24 13:07:00','','0',1,0,0,0,0,0);
insert  into `member`(`mb_fid`,`mb_uid`,`mb_pwd`,`mb_level`,`mb_emp_fid`,`mb_nickname`,`mb_user`,`mb_money`,`mb_point`,`mb_time_join`,`mb_time_last`,`mb_ip_last`,`mb_game_pb_ratio`,`mb_state_active`,`mb_state_delete`,`mb_state_print`,`mb_limit_round`,`mb_limit_single`,`mb_limit_mix`) values (9,'kkg','1234',7,4,'ktest','회장#부회장#이사장#######',861630,2090,'2020-09-24 18:05:36','2021-10-20 14:21:46','192.168.1.111','1.1',1,0,0,100000,100000,100000);
insert  into `member`(`mb_fid`,`mb_uid`,`mb_pwd`,`mb_level`,`mb_emp_fid`,`mb_nickname`,`mb_user`,`mb_money`,`mb_point`,`mb_time_join`,`mb_time_last`,`mb_ip_last`,`mb_game_pb_ratio`,`mb_state_active`,`mb_state_delete`,`mb_state_print`,`mb_limit_round`,`mb_limit_single`,`mb_limit_mix`) values (10,'RGroup','123',8,0,'R그룹','',10000,0,'2020-09-24 18:55:46','2021-11-21 23:54:17','127.0.0.1','0',1,1,0,0,0,0);
insert  into `member`(`mb_fid`,`mb_uid`,`mb_pwd`,`mb_level`,`mb_emp_fid`,`mb_nickname`,`mb_user`,`mb_money`,`mb_point`,`mb_time_join`,`mb_time_last`,`mb_ip_last`,`mb_game_pb_ratio`,`mb_state_active`,`mb_state_delete`,`mb_state_print`,`mb_limit_round`,`mb_limit_single`,`mb_limit_mix`) values (11,'admin','1234',10,0,'관리자','',1300000,0,'2020-09-24 19:07:28','2021-08-10 09:59:41','127.0.0.1','0',1,0,0,0,0,0);
insert  into `member`(`mb_fid`,`mb_uid`,`mb_pwd`,`mb_level`,`mb_emp_fid`,`mb_nickname`,`mb_user`,`mb_money`,`mb_point`,`mb_time_join`,`mb_time_last`,`mb_ip_last`,`mb_game_pb_ratio`,`mb_state_active`,`mb_state_delete`,`mb_state_print`,`mb_limit_round`,`mb_limit_single`,`mb_limit_mix`) values (12,'R02','123',7,10,'R02','',0,0,'2020-09-24 19:40:52','2020-10-21 00:38:44','','0',1,1,0,0,0,0);
insert  into `member`(`mb_fid`,`mb_uid`,`mb_pwd`,`mb_level`,`mb_emp_fid`,`mb_nickname`,`mb_user`,`mb_money`,`mb_point`,`mb_time_join`,`mb_time_last`,`mb_ip_last`,`mb_game_pb_ratio`,`mb_state_active`,`mb_state_delete`,`mb_state_print`,`mb_limit_round`,`mb_limit_single`,`mb_limit_mix`) values (15,'R03','1234',7,10,'R매장','',0,0,'2020-10-04 18:37:25','2020-10-04 18:40:03','','0',1,1,0,0,0,0);
insert  into `member`(`mb_fid`,`mb_uid`,`mb_pwd`,`mb_level`,`mb_emp_fid`,`mb_nickname`,`mb_user`,`mb_money`,`mb_point`,`mb_time_join`,`mb_time_last`,`mb_ip_last`,`mb_game_pb_ratio`,`mb_state_active`,`mb_state_delete`,`mb_state_print`,`mb_limit_round`,`mb_limit_single`,`mb_limit_mix`) values (16,'R04','1234',7,10,'R매장','',0,0,'2020-10-04 18:39:11','2020-10-04 18:39:11','','0',1,1,0,0,0,0);
insert  into `member`(`mb_fid`,`mb_uid`,`mb_pwd`,`mb_level`,`mb_emp_fid`,`mb_nickname`,`mb_user`,`mb_money`,`mb_point`,`mb_time_join`,`mb_time_last`,`mb_ip_last`,`mb_game_pb_ratio`,`mb_state_active`,`mb_state_delete`,`mb_state_print`,`mb_limit_round`,`mb_limit_single`,`mb_limit_mix`) values (18,'ch01','1234',7,10,'차매장','',11890,500,'2020-10-16 13:09:22','2021-09-10 00:03:12','127.0.0.1','0',1,1,0,0,0,0);
insert  into `member`(`mb_fid`,`mb_uid`,`mb_pwd`,`mb_level`,`mb_emp_fid`,`mb_nickname`,`mb_user`,`mb_money`,`mb_point`,`mb_time_join`,`mb_time_last`,`mb_ip_last`,`mb_game_pb_ratio`,`mb_state_active`,`mb_state_delete`,`mb_state_print`,`mb_limit_round`,`mb_limit_single`,`mb_limit_mix`) values (19,'john1022','1234',10,0,'john','',5000,0,'2020-09-14 18:44:40','2020-10-16 22:52:25','','0',1,0,0,0,0,0);
insert  into `member`(`mb_fid`,`mb_uid`,`mb_pwd`,`mb_level`,`mb_emp_fid`,`mb_nickname`,`mb_user`,`mb_money`,`mb_point`,`mb_time_join`,`mb_time_last`,`mb_ip_last`,`mb_game_pb_ratio`,`mb_state_active`,`mb_state_delete`,`mb_state_print`,`mb_limit_round`,`mb_limit_single`,`mb_limit_mix`) values (21,'TTT','1234',9,0,'TT본사','',0,0,'2020-12-05 11:21:33','0000-00-00 00:00:00','','0',1,0,0,0,0,0);
insert  into `member`(`mb_fid`,`mb_uid`,`mb_pwd`,`mb_level`,`mb_emp_fid`,`mb_nickname`,`mb_user`,`mb_money`,`mb_point`,`mb_time_join`,`mb_time_last`,`mb_ip_last`,`mb_game_pb_ratio`,`mb_state_active`,`mb_state_delete`,`mb_state_print`,`mb_limit_round`,`mb_limit_single`,`mb_limit_mix`) values (22,'dev000','1234',8,0,'dev000','',110000,0,'2020-12-05 11:22:25','2024-03-24 00:03:54','127.0.0.1','0',1,1,0,0,0,0);
insert  into `member`(`mb_fid`,`mb_uid`,`mb_pwd`,`mb_level`,`mb_emp_fid`,`mb_nickname`,`mb_user`,`mb_money`,`mb_point`,`mb_time_join`,`mb_time_last`,`mb_ip_last`,`mb_game_pb_ratio`,`mb_state_active`,`mb_state_delete`,`mb_state_print`,`mb_limit_round`,`mb_limit_single`,`mb_limit_mix`) values (23,'e매장','1234',7,4,'이회장','',0,0,'2020-12-05 11:23:37','0000-00-00 00:00:00','','0',1,1,0,0,0,0);
insert  into `member`(`mb_fid`,`mb_uid`,`mb_pwd`,`mb_level`,`mb_emp_fid`,`mb_nickname`,`mb_user`,`mb_money`,`mb_point`,`mb_time_join`,`mb_time_last`,`mb_ip_last`,`mb_game_pb_ratio`,`mb_state_active`,`mb_state_delete`,`mb_state_print`,`mb_limit_round`,`mb_limit_single`,`mb_limit_mix`) values (24,'emark','1243',7,4,'이매장','',0,0,'2020-12-05 11:24:30','0000-00-00 00:00:00','','0',1,0,0,0,0,0);
insert  into `member`(`mb_fid`,`mb_uid`,`mb_pwd`,`mb_level`,`mb_emp_fid`,`mb_nickname`,`mb_user`,`mb_money`,`mb_point`,`mb_time_join`,`mb_time_last`,`mb_ip_last`,`mb_game_pb_ratio`,`mb_state_active`,`mb_state_delete`,`mb_state_print`,`mb_limit_round`,`mb_limit_single`,`mb_limit_mix`) values (25,'dev001','1234',7,4,'dev001','김똘똘#전모#최상두#이회장#박이사#####',987200,0,'2020-12-05 11:26:35','2021-09-10 11:22:10','192.168.1.102','0',1,0,0,0,0,0);
insert  into `member`(`mb_fid`,`mb_uid`,`mb_pwd`,`mb_level`,`mb_emp_fid`,`mb_nickname`,`mb_user`,`mb_money`,`mb_point`,`mb_time_join`,`mb_time_last`,`mb_ip_last`,`mb_game_pb_ratio`,`mb_state_active`,`mb_state_delete`,`mb_state_print`,`mb_limit_round`,`mb_limit_single`,`mb_limit_mix`) values (31,'kkk01','1234',7,4,'kkk01','',0,0,'2021-02-11 15:35:46','0000-00-00 00:00:00','','01.1',1,0,0,0,0,0);
insert  into `member`(`mb_fid`,`mb_uid`,`mb_pwd`,`mb_level`,`mb_emp_fid`,`mb_nickname`,`mb_user`,`mb_money`,`mb_point`,`mb_time_join`,`mb_time_last`,`mb_ip_last`,`mb_game_pb_ratio`,`mb_state_active`,`mb_state_delete`,`mb_state_print`,`mb_limit_round`,`mb_limit_single`,`mb_limit_mix`) values (32,'HGroup','1234',8,0,'HGroup','',0,0,'2021-02-14 21:40:13','0000-00-00 00:00:00','','0.45',1,1,0,0,0,0);
insert  into `member`(`mb_fid`,`mb_uid`,`mb_pwd`,`mb_level`,`mb_emp_fid`,`mb_nickname`,`mb_user`,`mb_money`,`mb_point`,`mb_time_join`,`mb_time_last`,`mb_ip_last`,`mb_game_pb_ratio`,`mb_state_active`,`mb_state_delete`,`mb_state_print`,`mb_limit_round`,`mb_limit_single`,`mb_limit_mix`) values (33,'테스트1','1234',7,4,'테스트1','이사장#김사장########',1313040,3160,'2021-02-15 09:58:31','2021-09-10 11:23:32','192.168.1.111','0.4',1,0,1,0,0,0);
insert  into `member`(`mb_fid`,`mb_uid`,`mb_pwd`,`mb_level`,`mb_emp_fid`,`mb_nickname`,`mb_user`,`mb_money`,`mb_point`,`mb_time_join`,`mb_time_last`,`mb_ip_last`,`mb_game_pb_ratio`,`mb_state_active`,`mb_state_delete`,`mb_state_print`,`mb_limit_round`,`mb_limit_single`,`mb_limit_mix`) values (34,'테스트2','1234',7,4,'테스트2','',0,0,'2021-02-15 12:12:31','2021-02-17 13:48:00','192.168.1.108','0',1,0,0,0,0,0);
insert  into `member`(`mb_fid`,`mb_uid`,`mb_pwd`,`mb_level`,`mb_emp_fid`,`mb_nickname`,`mb_user`,`mb_money`,`mb_point`,`mb_time_join`,`mb_time_last`,`mb_ip_last`,`mb_game_pb_ratio`,`mb_state_active`,`mb_state_delete`,`mb_state_print`,`mb_limit_round`,`mb_limit_single`,`mb_limit_mix`) values (35,'테스트3','1234',7,4,'테스트3','',0,0,'2021-02-15 12:12:47','0000-00-00 00:00:00','','0',1,0,0,0,0,0);
insert  into `member`(`mb_fid`,`mb_uid`,`mb_pwd`,`mb_level`,`mb_emp_fid`,`mb_nickname`,`mb_user`,`mb_money`,`mb_point`,`mb_time_join`,`mb_time_last`,`mb_ip_last`,`mb_game_pb_ratio`,`mb_state_active`,`mb_state_delete`,`mb_state_print`,`mb_limit_round`,`mb_limit_single`,`mb_limit_mix`) values (36,'테스트4','1234',7,4,'테스트4','',0,0,'2021-02-15 12:12:58','0000-00-00 00:00:00','','0',1,0,0,0,0,0);
insert  into `member`(`mb_fid`,`mb_uid`,`mb_pwd`,`mb_level`,`mb_emp_fid`,`mb_nickname`,`mb_user`,`mb_money`,`mb_point`,`mb_time_join`,`mb_time_last`,`mb_ip_last`,`mb_game_pb_ratio`,`mb_state_active`,`mb_state_delete`,`mb_state_print`,`mb_limit_round`,`mb_limit_single`,`mb_limit_mix`) values (37,'테스트5','1234',7,4,'테스트5','',0,0,'2021-02-15 12:13:09','0000-00-00 00:00:00','','0',1,1,0,0,0,0);
insert  into `member`(`mb_fid`,`mb_uid`,`mb_pwd`,`mb_level`,`mb_emp_fid`,`mb_nickname`,`mb_user`,`mb_money`,`mb_point`,`mb_time_join`,`mb_time_last`,`mb_ip_last`,`mb_game_pb_ratio`,`mb_state_active`,`mb_state_delete`,`mb_state_print`,`mb_limit_round`,`mb_limit_single`,`mb_limit_mix`) values (38,'테스트6','1234',7,4,'테스트6','',0,0,'2021-02-15 12:13:19','0000-00-00 00:00:00','','0',1,1,0,0,0,0);
insert  into `member`(`mb_fid`,`mb_uid`,`mb_pwd`,`mb_level`,`mb_emp_fid`,`mb_nickname`,`mb_user`,`mb_money`,`mb_point`,`mb_time_join`,`mb_time_last`,`mb_ip_last`,`mb_game_pb_ratio`,`mb_state_active`,`mb_state_delete`,`mb_state_print`,`mb_limit_round`,`mb_limit_single`,`mb_limit_mix`) values (39,'테스트7','1234',7,4,'테스트7','',0,0,'2021-02-15 12:13:40','0000-00-00 00:00:00','','0',1,1,0,0,0,0);
insert  into `member`(`mb_fid`,`mb_uid`,`mb_pwd`,`mb_level`,`mb_emp_fid`,`mb_nickname`,`mb_user`,`mb_money`,`mb_point`,`mb_time_join`,`mb_time_last`,`mb_ip_last`,`mb_game_pb_ratio`,`mb_state_active`,`mb_state_delete`,`mb_state_print`,`mb_limit_round`,`mb_limit_single`,`mb_limit_mix`) values (40,'테스트10','1234',7,4,'테스트10','',0,0,'2021-03-07 11:36:45','0000-00-00 00:00:00','','1.1',1,0,0,1000000,1000000,1000000);
insert  into `member`(`mb_fid`,`mb_uid`,`mb_pwd`,`mb_level`,`mb_emp_fid`,`mb_nickname`,`mb_user`,`mb_money`,`mb_point`,`mb_time_join`,`mb_time_last`,`mb_ip_last`,`mb_game_pb_ratio`,`mb_state_active`,`mb_state_delete`,`mb_state_print`,`mb_limit_round`,`mb_limit_single`,`mb_limit_mix`) values (41,'bestggg','1234',8,0,'bestggg','',0,0,'2021-03-07 13:12:28','2024-03-24 00:04:18','127.0.0.1','3.5',1,1,0,0,0,0);
insert  into `member`(`mb_fid`,`mb_uid`,`mb_pwd`,`mb_level`,`mb_emp_fid`,`mb_nickname`,`mb_user`,`mb_money`,`mb_point`,`mb_time_join`,`mb_time_last`,`mb_ip_last`,`mb_game_pb_ratio`,`mb_state_active`,`mb_state_delete`,`mb_state_print`,`mb_limit_round`,`mb_limit_single`,`mb_limit_mix`) values (42,'devgp','1234',8,0,'데브팀','',0,0,'2023-11-01 10:54:47','0000-00-00 00:00:00','','3',1,0,0,0,0,0);
insert  into `member`(`mb_fid`,`mb_uid`,`mb_pwd`,`mb_level`,`mb_emp_fid`,`mb_nickname`,`mb_user`,`mb_money`,`mb_point`,`mb_time_join`,`mb_time_last`,`mb_ip_last`,`mb_game_pb_ratio`,`mb_state_active`,`mb_state_delete`,`mb_state_print`,`mb_limit_round`,`mb_limit_single`,`mb_limit_mix`) values (43,'e02','1234',7,4,'e02','',0,0,'2023-11-01 10:55:37','2023-11-22 11:28:57','127.0.0.1','1',1,0,0,0,0,0);
insert  into `member`(`mb_fid`,`mb_uid`,`mb_pwd`,`mb_level`,`mb_emp_fid`,`mb_nickname`,`mb_user`,`mb_money`,`mb_point`,`mb_time_join`,`mb_time_last`,`mb_ip_last`,`mb_game_pb_ratio`,`mb_state_active`,`mb_state_delete`,`mb_state_print`,`mb_limit_round`,`mb_limit_single`,`mb_limit_mix`) values (44,'e03','1234',7,4,'e03','',0,0,'2023-11-21 11:57:37','0000-00-00 00:00:00','','0.5',1,0,0,100000,100000,100000);
insert  into `member`(`mb_fid`,`mb_uid`,`mb_pwd`,`mb_level`,`mb_emp_fid`,`mb_nickname`,`mb_user`,`mb_money`,`mb_point`,`mb_time_join`,`mb_time_last`,`mb_ip_last`,`mb_game_pb_ratio`,`mb_state_active`,`mb_state_delete`,`mb_state_print`,`mb_limit_round`,`mb_limit_single`,`mb_limit_mix`) values (45,'test5','1234',7,4,'테스트5','',0,0,'2024-03-24 00:03:20','0000-00-00 00:00:00','','1',1,0,0,0,0,0);
insert  into `member`(`mb_fid`,`mb_uid`,`mb_pwd`,`mb_level`,`mb_emp_fid`,`mb_nickname`,`mb_user`,`mb_money`,`mb_point`,`mb_time_join`,`mb_time_last`,`mb_ip_last`,`mb_game_pb_ratio`,`mb_state_active`,`mb_state_delete`,`mb_state_print`,`mb_limit_round`,`mb_limit_single`,`mb_limit_mix`) values (46,'test6','1234',7,41,'테스트5','',0,0,'2024-03-24 00:04:48','0000-00-00 00:00:00','','1',1,1,0,0,0,0);

/*Table structure for table `member_charge` */

DROP TABLE IF EXISTS `member_charge`;

CREATE TABLE `member_charge` (
  `charge_fid` int(11) NOT NULL AUTO_INCREMENT,
  `charge_emp_fid` int(11) NOT NULL,
  `charge_mb_uid` varchar(30) NOT NULL,
  `charge_mb_name` varchar(50) NOT NULL,
  `charge_type` int(11) NOT NULL,
  `charge_money` int(11) NOT NULL,
  `charge_time_require` datetime NOT NULL,
  `charge_action_state` int(11) NOT NULL,
  `charge_action_uid` varchar(30) NOT NULL,
  `charge_time_process` datetime NOT NULL,
  `charge_money_before` int(11) NOT NULL,
  `charge_money_after` int(11) NOT NULL,
  `charge_state_delete` int(11) NOT NULL,
  `charge_client_delete` int(11) NOT NULL,
  PRIMARY KEY (`charge_fid`)
) ENGINE=InnoDB AUTO_INCREMENT=89 DEFAULT CHARSET=utf8mb4;

/*Data for the table `member_charge` */

insert  into `member_charge`(`charge_fid`,`charge_emp_fid`,`charge_mb_uid`,`charge_mb_name`,`charge_type`,`charge_money`,`charge_time_require`,`charge_action_state`,`charge_action_uid`,`charge_time_process`,`charge_money_before`,`charge_money_after`,`charge_state_delete`,`charge_client_delete`) values (87,4,'e01','111',0,10000,'2024-03-23 17:21:54',2,'devemp','2024-03-23 17:22:24',7838435,7848435,0,0);
insert  into `member_charge`(`charge_fid`,`charge_emp_fid`,`charge_mb_uid`,`charge_mb_name`,`charge_type`,`charge_money`,`charge_time_require`,`charge_action_state`,`charge_action_uid`,`charge_time_process`,`charge_money_before`,`charge_money_after`,`charge_state_delete`,`charge_client_delete`) values (88,0,'devemp','123',0,10000,'2024-03-23 23:12:16',2,'bestar','2024-03-23 23:12:30',2000000,2010000,0,0);

/*Table structure for table `member_exchange` */

DROP TABLE IF EXISTS `member_exchange`;

CREATE TABLE `member_exchange` (
  `exchange_fid` int(11) NOT NULL AUTO_INCREMENT,
  `exchange_emp_fid` int(11) NOT NULL,
  `exchange_mb_uid` varchar(30) NOT NULL,
  `exchange_type` int(11) NOT NULL,
  `exchange_money` int(11) NOT NULL,
  `exchange_time_require` datetime NOT NULL,
  `exchange_action_state` int(11) NOT NULL,
  `exchange_action_uid` varchar(30) NOT NULL,
  `exchange_time_process` datetime NOT NULL,
  `exchange_bank_name` varchar(30) NOT NULL,
  `exchange_bank_owner` varchar(30) NOT NULL,
  `exchange_bank_number` varchar(30) NOT NULL,
  `exchange_money_before` int(11) NOT NULL,
  `exchange_money_after` int(11) NOT NULL,
  `exchange_state_delete` int(11) NOT NULL,
  `exchange_client_delete` int(11) NOT NULL,
  PRIMARY KEY (`exchange_fid`)
) ENGINE=InnoDB AUTO_INCREMENT=59 DEFAULT CHARSET=utf8mb4;

/*Data for the table `member_exchange` */

insert  into `member_exchange`(`exchange_fid`,`exchange_emp_fid`,`exchange_mb_uid`,`exchange_type`,`exchange_money`,`exchange_time_require`,`exchange_action_state`,`exchange_action_uid`,`exchange_time_process`,`exchange_bank_name`,`exchange_bank_owner`,`exchange_bank_number`,`exchange_money_before`,`exchange_money_after`,`exchange_state_delete`,`exchange_client_delete`) values (57,4,'e01',0,10000,'2024-03-23 17:22:42',2,'devemp','2024-03-23 17:22:56','11','11','11',7848435,7838435,0,0);
insert  into `member_exchange`(`exchange_fid`,`exchange_emp_fid`,`exchange_mb_uid`,`exchange_type`,`exchange_money`,`exchange_time_require`,`exchange_action_state`,`exchange_action_uid`,`exchange_time_process`,`exchange_bank_name`,`exchange_bank_owner`,`exchange_bank_number`,`exchange_money_before`,`exchange_money_after`,`exchange_state_delete`,`exchange_client_delete`) values (58,0,'devemp',0,10000,'2024-03-23 23:12:59',2,'bestar','2024-03-23 23:13:09','111','111','111',2010000,2000000,0,0);

/*Table structure for table `money_history` */

DROP TABLE IF EXISTS `money_history`;

CREATE TABLE `money_history` (
  `money_fid` int(11) NOT NULL AUTO_INCREMENT,
  `money_mb_fid` int(11) NOT NULL,
  `money_mb_uid` varchar(30) NOT NULL,
  `money_mb_emp_fid` int(11) NOT NULL,
  `money_mb_ech_uid` varchar(30) NOT NULL,
  `money_amount` int(11) NOT NULL,
  `money_before` int(11) NOT NULL,
  `money_after` int(11) NOT NULL,
  `money_change_type` int(11) NOT NULL,
  `money_bet_round` int(11) NOT NULL,
  `money_bet_mode` int(11) NOT NULL,
  `money_bet_target` varchar(2) NOT NULL,
  `money_update_time` datetime NOT NULL,
  PRIMARY KEY (`money_fid`)
) ENGINE=InnoDB AUTO_INCREMENT=1164 DEFAULT CHARSET=utf8mb4;

/*Data for the table `money_history` */

insert  into `money_history`(`money_fid`,`money_mb_fid`,`money_mb_uid`,`money_mb_emp_fid`,`money_mb_ech_uid`,`money_amount`,`money_before`,`money_after`,`money_change_type`,`money_bet_round`,`money_bet_mode`,`money_bet_target`,`money_update_time`) values (1096,5,'e01',4,'',-10000,7929135,7919135,4,201,1,'P','2024-03-23 16:42:54');
insert  into `money_history`(`money_fid`,`money_mb_fid`,`money_mb_uid`,`money_mb_emp_fid`,`money_mb_ech_uid`,`money_amount`,`money_before`,`money_after`,`money_change_type`,`money_bet_round`,`money_bet_mode`,`money_bet_target`,`money_update_time`) values (1097,5,'e01',4,'',-10000,7919135,7909135,4,201,2,'B','2024-03-23 16:43:24');
insert  into `money_history`(`money_fid`,`money_mb_fid`,`money_mb_uid`,`money_mb_emp_fid`,`money_mb_ech_uid`,`money_amount`,`money_before`,`money_after`,`money_change_type`,`money_bet_round`,`money_bet_mode`,`money_bet_target`,`money_update_time`) values (1098,5,'e01',4,'',-10000,7909135,7899135,4,201,11,'P','2024-03-23 16:43:30');
insert  into `money_history`(`money_fid`,`money_mb_fid`,`money_mb_uid`,`money_mb_emp_fid`,`money_mb_ech_uid`,`money_amount`,`money_before`,`money_after`,`money_change_type`,`money_bet_round`,`money_bet_mode`,`money_bet_target`,`money_update_time`) values (1099,5,'e01',4,'',-10000,7918435,7908435,4,204,1,'P','2024-03-23 16:55:57');
insert  into `money_history`(`money_fid`,`money_mb_fid`,`money_mb_uid`,`money_mb_emp_fid`,`money_mb_ech_uid`,`money_amount`,`money_before`,`money_after`,`money_change_type`,`money_bet_round`,`money_bet_mode`,`money_bet_target`,`money_update_time`) values (1100,5,'e01',4,'',-10000,7908435,7898435,4,204,10,'B','2024-03-23 16:56:00');
insert  into `money_history`(`money_fid`,`money_mb_fid`,`money_mb_uid`,`money_mb_emp_fid`,`money_mb_ech_uid`,`money_amount`,`money_before`,`money_after`,`money_change_type`,`money_bet_round`,`money_bet_mode`,`money_bet_target`,`money_update_time`) values (1101,5,'e01',4,'',-10000,7898435,7888435,4,204,7,'PB','2024-03-23 16:56:05');
insert  into `money_history`(`money_fid`,`money_mb_fid`,`money_mb_uid`,`money_mb_emp_fid`,`money_mb_ech_uid`,`money_amount`,`money_before`,`money_after`,`money_change_type`,`money_bet_round`,`money_bet_mode`,`money_bet_target`,`money_update_time`) values (1102,5,'e01',4,'',-10000,7888435,7878435,4,204,2,'B','2024-03-23 16:56:09');
insert  into `money_history`(`money_fid`,`money_mb_fid`,`money_mb_uid`,`money_mb_emp_fid`,`money_mb_ech_uid`,`money_amount`,`money_before`,`money_after`,`money_change_type`,`money_bet_round`,`money_bet_mode`,`money_bet_target`,`money_update_time`) values (1103,5,'e01',4,'',-10000,7878435,7868435,4,204,12,'B','2024-03-23 16:56:12');
insert  into `money_history`(`money_fid`,`money_mb_fid`,`money_mb_uid`,`money_mb_emp_fid`,`money_mb_ech_uid`,`money_amount`,`money_before`,`money_after`,`money_change_type`,`money_bet_round`,`money_bet_mode`,`money_bet_target`,`money_update_time`) values (1104,5,'e01',4,'',-10000,7868435,7858435,4,204,15,'PB','2024-03-23 16:56:16');
insert  into `money_history`(`money_fid`,`money_mb_fid`,`money_mb_uid`,`money_mb_emp_fid`,`money_mb_ech_uid`,`money_amount`,`money_before`,`money_after`,`money_change_type`,`money_bet_round`,`money_bet_mode`,`money_bet_target`,`money_update_time`) values (1105,5,'e01',4,'',-10000,7858435,7848435,4,204,2,'B','2024-03-23 16:56:21');
insert  into `money_history`(`money_fid`,`money_mb_fid`,`money_mb_uid`,`money_mb_emp_fid`,`money_mb_ech_uid`,`money_amount`,`money_before`,`money_after`,`money_change_type`,`money_bet_round`,`money_bet_mode`,`money_bet_target`,`money_update_time`) values (1106,5,'e01',4,'',-10000,7848435,7838435,4,204,15,'PB','2024-03-23 16:56:24');
insert  into `money_history`(`money_fid`,`money_mb_fid`,`money_mb_uid`,`money_mb_emp_fid`,`money_mb_ech_uid`,`money_amount`,`money_before`,`money_after`,`money_change_type`,`money_bet_round`,`money_bet_mode`,`money_bet_target`,`money_update_time`) values (1107,5,'e01',4,'devemp',10000,7838435,7848435,1,0,0,'','2024-03-23 17:22:24');
insert  into `money_history`(`money_fid`,`money_mb_fid`,`money_mb_uid`,`money_mb_emp_fid`,`money_mb_ech_uid`,`money_amount`,`money_before`,`money_after`,`money_change_type`,`money_bet_round`,`money_bet_mode`,`money_bet_target`,`money_update_time`) values (1108,4,'devemp',0,'e01',-10000,2000000,1990000,11,0,0,'','2024-03-23 17:22:24');
insert  into `money_history`(`money_fid`,`money_mb_fid`,`money_mb_uid`,`money_mb_emp_fid`,`money_mb_ech_uid`,`money_amount`,`money_before`,`money_after`,`money_change_type`,`money_bet_round`,`money_bet_mode`,`money_bet_target`,`money_update_time`) values (1109,5,'e01',4,'devemp',-10000,7848435,7838435,2,0,0,'','2024-03-23 17:22:42');
insert  into `money_history`(`money_fid`,`money_mb_fid`,`money_mb_uid`,`money_mb_emp_fid`,`money_mb_ech_uid`,`money_amount`,`money_before`,`money_after`,`money_change_type`,`money_bet_round`,`money_bet_mode`,`money_bet_target`,`money_update_time`) values (1110,4,'devemp',0,'e01',10000,1990000,2000000,12,0,0,'','2024-03-23 17:22:42');
insert  into `money_history`(`money_fid`,`money_mb_fid`,`money_mb_uid`,`money_mb_emp_fid`,`money_mb_ech_uid`,`money_amount`,`money_before`,`money_after`,`money_change_type`,`money_bet_round`,`money_bet_mode`,`money_bet_target`,`money_update_time`) values (1111,5,'e01',4,'',-10000,7838435,7828435,4,276,1,'P','2024-03-23 22:57:24');
insert  into `money_history`(`money_fid`,`money_mb_fid`,`money_mb_uid`,`money_mb_emp_fid`,`money_mb_ech_uid`,`money_amount`,`money_before`,`money_after`,`money_change_type`,`money_bet_round`,`money_bet_mode`,`money_bet_target`,`money_update_time`) values (1112,5,'e01',4,'',-10000,7828435,7818435,4,276,10,'B','2024-03-23 22:57:28');
insert  into `money_history`(`money_fid`,`money_mb_fid`,`money_mb_uid`,`money_mb_emp_fid`,`money_mb_ech_uid`,`money_amount`,`money_before`,`money_after`,`money_change_type`,`money_bet_round`,`money_bet_mode`,`money_bet_target`,`money_update_time`) values (1113,5,'e01',4,'',-10000,7818435,7808435,4,276,5,'PP','2024-03-23 22:58:18');
insert  into `money_history`(`money_fid`,`money_mb_fid`,`money_mb_uid`,`money_mb_emp_fid`,`money_mb_ech_uid`,`money_amount`,`money_before`,`money_after`,`money_change_type`,`money_bet_round`,`money_bet_mode`,`money_bet_target`,`money_update_time`) values (1114,5,'e01',4,'',-10000,7808435,7798435,4,276,16,'BB','2024-03-23 22:58:28');
insert  into `money_history`(`money_fid`,`money_mb_fid`,`money_mb_uid`,`money_mb_emp_fid`,`money_mb_ech_uid`,`money_amount`,`money_before`,`money_after`,`money_change_type`,`money_bet_round`,`money_bet_mode`,`money_bet_target`,`money_update_time`) values (1115,5,'e01',4,'',-10000,7798435,7788435,4,276,41,'PP','2024-03-23 22:58:32');
insert  into `money_history`(`money_fid`,`money_mb_fid`,`money_mb_uid`,`money_mb_emp_fid`,`money_mb_ech_uid`,`money_amount`,`money_before`,`money_after`,`money_change_type`,`money_bet_round`,`money_bet_mode`,`money_bet_target`,`money_update_time`) values (1116,5,'e01',4,'',-10000,7788435,7778435,4,276,43,'PP','2024-03-23 22:58:35');
insert  into `money_history`(`money_fid`,`money_mb_fid`,`money_mb_uid`,`money_mb_emp_fid`,`money_mb_ech_uid`,`money_amount`,`money_before`,`money_after`,`money_change_type`,`money_bet_round`,`money_bet_mode`,`money_bet_target`,`money_update_time`) values (1117,5,'e01',4,'',-10000,7778435,7768435,4,276,46,'PP','2024-03-23 22:58:39');
insert  into `money_history`(`money_fid`,`money_mb_fid`,`money_mb_uid`,`money_mb_emp_fid`,`money_mb_ech_uid`,`money_amount`,`money_before`,`money_after`,`money_change_type`,`money_bet_round`,`money_bet_mode`,`money_bet_target`,`money_update_time`) values (1118,5,'e01',4,'',-10000,7768435,7758435,4,276,18,'M','2024-03-23 22:58:45');
insert  into `money_history`(`money_fid`,`money_mb_fid`,`money_mb_uid`,`money_mb_emp_fid`,`money_mb_ech_uid`,`money_amount`,`money_before`,`money_after`,`money_change_type`,`money_bet_round`,`money_bet_mode`,`money_bet_target`,`money_update_time`) values (1119,5,'e01',4,'',-10000,7758435,7748435,4,276,23,'BL','2024-03-23 22:58:49');
insert  into `money_history`(`money_fid`,`money_mb_fid`,`money_mb_uid`,`money_mb_emp_fid`,`money_mb_ech_uid`,`money_amount`,`money_before`,`money_after`,`money_change_type`,`money_bet_round`,`money_bet_mode`,`money_bet_target`,`money_update_time`) values (1120,5,'e01',4,'',-10000,7748435,7738435,4,276,32,'Q','2024-03-23 22:58:52');
insert  into `money_history`(`money_fid`,`money_mb_fid`,`money_mb_uid`,`money_mb_emp_fid`,`money_mb_ech_uid`,`money_amount`,`money_before`,`money_after`,`money_change_type`,`money_bet_round`,`money_bet_mode`,`money_bet_target`,`money_update_time`) values (1121,5,'e01',4,'',10000,7738435,7728435,5,276,32,'Q','2024-03-23 22:59:11');
insert  into `money_history`(`money_fid`,`money_mb_fid`,`money_mb_uid`,`money_mb_emp_fid`,`money_mb_ech_uid`,`money_amount`,`money_before`,`money_after`,`money_change_type`,`money_bet_round`,`money_bet_mode`,`money_bet_target`,`money_update_time`) values (1122,5,'e01',4,'',-10000,7748435,7738435,4,276,39,'Q','2024-03-23 22:59:16');
insert  into `money_history`(`money_fid`,`money_mb_fid`,`money_mb_uid`,`money_mb_emp_fid`,`money_mb_ech_uid`,`money_amount`,`money_before`,`money_after`,`money_change_type`,`money_bet_round`,`money_bet_mode`,`money_bet_target`,`money_update_time`) values (1123,5,'e01',4,'',-10000,7738435,7728435,4,276,2,'B','2024-03-23 22:59:25');
insert  into `money_history`(`money_fid`,`money_mb_fid`,`money_mb_uid`,`money_mb_emp_fid`,`money_mb_ech_uid`,`money_amount`,`money_before`,`money_after`,`money_change_type`,`money_bet_round`,`money_bet_mode`,`money_bet_target`,`money_update_time`) values (1124,5,'e01',4,'',-10000,7728435,7718435,4,276,12,'B','2024-03-23 22:59:28');
insert  into `money_history`(`money_fid`,`money_mb_fid`,`money_mb_uid`,`money_mb_emp_fid`,`money_mb_ech_uid`,`money_amount`,`money_before`,`money_after`,`money_change_type`,`money_bet_round`,`money_bet_mode`,`money_bet_target`,`money_update_time`) values (1125,5,'e01',4,'',-10000,7854835,7844835,4,277,10,'B','2024-03-23 23:00:10');
insert  into `money_history`(`money_fid`,`money_mb_fid`,`money_mb_uid`,`money_mb_emp_fid`,`money_mb_ech_uid`,`money_amount`,`money_before`,`money_after`,`money_change_type`,`money_bet_round`,`money_bet_mode`,`money_bet_target`,`money_update_time`) values (1126,5,'e01',4,'',-10000,7844835,7834835,4,277,13,'PP','2024-03-23 23:00:14');
insert  into `money_history`(`money_fid`,`money_mb_fid`,`money_mb_uid`,`money_mb_emp_fid`,`money_mb_ech_uid`,`money_amount`,`money_before`,`money_after`,`money_change_type`,`money_bet_round`,`money_bet_mode`,`money_bet_target`,`money_update_time`) values (1127,5,'e01',4,'',-10000,7872035,7862035,4,279,2,'B','2024-03-23 23:11:19');
insert  into `money_history`(`money_fid`,`money_mb_fid`,`money_mb_uid`,`money_mb_emp_fid`,`money_mb_ech_uid`,`money_amount`,`money_before`,`money_after`,`money_change_type`,`money_bet_round`,`money_bet_mode`,`money_bet_target`,`money_update_time`) values (1128,4,'devemp',0,'bestar',10000,2000000,2010000,1,0,0,'','2024-03-23 23:12:30');
insert  into `money_history`(`money_fid`,`money_mb_fid`,`money_mb_uid`,`money_mb_emp_fid`,`money_mb_ech_uid`,`money_amount`,`money_before`,`money_after`,`money_change_type`,`money_bet_round`,`money_bet_mode`,`money_bet_target`,`money_update_time`) values (1129,4,'devemp',0,'bestar',-10000,2010000,2000000,2,0,0,'','2024-03-23 23:13:09');
insert  into `money_history`(`money_fid`,`money_mb_fid`,`money_mb_uid`,`money_mb_emp_fid`,`money_mb_ech_uid`,`money_amount`,`money_before`,`money_after`,`money_change_type`,`money_bet_round`,`money_bet_mode`,`money_bet_target`,`money_update_time`) values (1130,5,'e01',4,'',-10000,7881335,7871335,4,1,1,'P','2025-05-29 00:01:52');
insert  into `money_history`(`money_fid`,`money_mb_fid`,`money_mb_uid`,`money_mb_emp_fid`,`money_mb_ech_uid`,`money_amount`,`money_before`,`money_after`,`money_change_type`,`money_bet_round`,`money_bet_mode`,`money_bet_target`,`money_update_time`) values (1131,5,'e01',4,'',-10000,7871335,7861335,4,1,1,'P','2025-05-29 00:02:04');
insert  into `money_history`(`money_fid`,`money_mb_fid`,`money_mb_uid`,`money_mb_emp_fid`,`money_mb_ech_uid`,`money_amount`,`money_before`,`money_after`,`money_change_type`,`money_bet_round`,`money_bet_mode`,`money_bet_target`,`money_update_time`) values (1132,5,'e01',4,'',-10000,7861335,7851335,4,1,2,'B','2025-05-29 00:02:09');
insert  into `money_history`(`money_fid`,`money_mb_fid`,`money_mb_uid`,`money_mb_emp_fid`,`money_mb_ech_uid`,`money_amount`,`money_before`,`money_after`,`money_change_type`,`money_bet_round`,`money_bet_mode`,`money_bet_target`,`money_update_time`) values (1133,5,'e01',4,'',-10000,7851335,7841335,4,1,11,'P','2025-05-29 00:02:12');
insert  into `money_history`(`money_fid`,`money_mb_fid`,`money_mb_uid`,`money_mb_emp_fid`,`money_mb_ech_uid`,`money_amount`,`money_before`,`money_after`,`money_change_type`,`money_bet_round`,`money_bet_mode`,`money_bet_target`,`money_update_time`) values (1134,5,'e01',4,'',-10000,7841335,7831335,4,1,4,'B','2025-05-29 00:02:18');
insert  into `money_history`(`money_fid`,`money_mb_fid`,`money_mb_uid`,`money_mb_emp_fid`,`money_mb_ech_uid`,`money_amount`,`money_before`,`money_after`,`money_change_type`,`money_bet_round`,`money_bet_mode`,`money_bet_target`,`money_update_time`) values (1135,5,'e01',4,'',-10000,7831335,7821335,4,1,13,'PP','2025-05-29 00:02:22');
insert  into `money_history`(`money_fid`,`money_mb_fid`,`money_mb_uid`,`money_mb_emp_fid`,`money_mb_ech_uid`,`money_amount`,`money_before`,`money_after`,`money_change_type`,`money_bet_round`,`money_bet_mode`,`money_bet_target`,`money_update_time`) values (1136,5,'e01',4,'',-10000,7821335,7811335,4,1,41,'PP','2025-05-29 00:02:28');
insert  into `money_history`(`money_fid`,`money_mb_fid`,`money_mb_uid`,`money_mb_emp_fid`,`money_mb_ech_uid`,`money_amount`,`money_before`,`money_after`,`money_change_type`,`money_bet_round`,`money_bet_mode`,`money_bet_target`,`money_update_time`) values (1137,5,'e01',4,'',-10000,7811335,7801335,4,1,19,'S','2025-05-29 00:02:35');
insert  into `money_history`(`money_fid`,`money_mb_fid`,`money_mb_uid`,`money_mb_emp_fid`,`money_mb_ech_uid`,`money_amount`,`money_before`,`money_after`,`money_change_type`,`money_bet_round`,`money_bet_mode`,`money_bet_target`,`money_update_time`) values (1138,5,'e01',4,'',-10000,7801335,7791335,4,1,17,'L','2025-05-29 00:02:42');
insert  into `money_history`(`money_fid`,`money_mb_fid`,`money_mb_uid`,`money_mb_emp_fid`,`money_mb_ech_uid`,`money_amount`,`money_before`,`money_after`,`money_change_type`,`money_bet_round`,`money_bet_mode`,`money_bet_target`,`money_update_time`) values (1139,5,'e01',4,'',-10000,7791335,7781335,4,1,4,'B','2025-05-29 00:04:20');
insert  into `money_history`(`money_fid`,`money_mb_fid`,`money_mb_uid`,`money_mb_emp_fid`,`money_mb_ech_uid`,`money_amount`,`money_before`,`money_after`,`money_change_type`,`money_bet_round`,`money_bet_mode`,`money_bet_target`,`money_update_time`) values (1140,5,'e01',4,'',-10000,7781335,7771335,4,125,3,'P','2025-05-29 10:20:03');
insert  into `money_history`(`money_fid`,`money_mb_fid`,`money_mb_uid`,`money_mb_emp_fid`,`money_mb_ech_uid`,`money_amount`,`money_before`,`money_after`,`money_change_type`,`money_bet_round`,`money_bet_mode`,`money_bet_target`,`money_update_time`) values (1141,5,'e01',4,'',-10000,7771335,7761335,4,125,2,'B','2025-05-29 10:20:28');
insert  into `money_history`(`money_fid`,`money_mb_fid`,`money_mb_uid`,`money_mb_emp_fid`,`money_mb_ech_uid`,`money_amount`,`money_before`,`money_after`,`money_change_type`,`money_bet_round`,`money_bet_mode`,`money_bet_target`,`money_update_time`) values (1142,5,'e01',4,'',-10000,7761335,7751335,4,129,1,'P','2025-05-29 10:41:53');
insert  into `money_history`(`money_fid`,`money_mb_fid`,`money_mb_uid`,`money_mb_emp_fid`,`money_mb_ech_uid`,`money_amount`,`money_before`,`money_after`,`money_change_type`,`money_bet_round`,`money_bet_mode`,`money_bet_target`,`money_update_time`) values (1143,5,'e01',4,'',-10000,7751335,7741335,4,132,1,'P','2025-05-29 10:55:06');
insert  into `money_history`(`money_fid`,`money_mb_fid`,`money_mb_uid`,`money_mb_emp_fid`,`money_mb_ech_uid`,`money_amount`,`money_before`,`money_after`,`money_change_type`,`money_bet_round`,`money_bet_mode`,`money_bet_target`,`money_update_time`) values (1144,5,'e01',4,'',-10000,7741335,7731335,4,132,13,'PP','2025-05-29 10:55:10');
insert  into `money_history`(`money_fid`,`money_mb_fid`,`money_mb_uid`,`money_mb_emp_fid`,`money_mb_ech_uid`,`money_amount`,`money_before`,`money_after`,`money_change_type`,`money_bet_round`,`money_bet_mode`,`money_bet_target`,`money_update_time`) values (1145,5,'e01',4,'',-10000,7731335,7721335,4,132,5,'PP','2025-05-29 10:55:30');
insert  into `money_history`(`money_fid`,`money_mb_fid`,`money_mb_uid`,`money_mb_emp_fid`,`money_mb_ech_uid`,`money_amount`,`money_before`,`money_after`,`money_change_type`,`money_bet_round`,`money_bet_mode`,`money_bet_target`,`money_update_time`) values (1146,5,'e01',4,'',-10000,7721335,7711335,4,132,43,'PP','2025-05-29 10:55:36');
insert  into `money_history`(`money_fid`,`money_mb_fid`,`money_mb_uid`,`money_mb_emp_fid`,`money_mb_ech_uid`,`money_amount`,`money_before`,`money_after`,`money_change_type`,`money_bet_round`,`money_bet_mode`,`money_bet_target`,`money_update_time`) values (1147,5,'e01',4,'',-10000,7711335,7701335,4,132,9,'P','2025-05-29 10:55:44');
insert  into `money_history`(`money_fid`,`money_mb_fid`,`money_mb_uid`,`money_mb_emp_fid`,`money_mb_ech_uid`,`money_amount`,`money_before`,`money_after`,`money_change_type`,`money_bet_round`,`money_bet_mode`,`money_bet_target`,`money_update_time`) values (1148,5,'e01',4,'',-10000,7701335,7691335,4,132,13,'PP','2025-05-29 10:55:50');
insert  into `money_history`(`money_fid`,`money_mb_fid`,`money_mb_uid`,`money_mb_emp_fid`,`money_mb_ech_uid`,`money_amount`,`money_before`,`money_after`,`money_change_type`,`money_bet_round`,`money_bet_mode`,`money_bet_target`,`money_update_time`) values (1149,5,'e01',4,'',-10000,7691335,7681335,4,132,16,'BB','2025-05-29 10:55:55');
insert  into `money_history`(`money_fid`,`money_mb_fid`,`money_mb_uid`,`money_mb_emp_fid`,`money_mb_ech_uid`,`money_amount`,`money_before`,`money_after`,`money_change_type`,`money_bet_round`,`money_bet_mode`,`money_bet_target`,`money_update_time`) values (1150,5,'e01',4,'',-10000,7681335,7671335,4,132,18,'M','2025-05-29 10:56:02');
insert  into `money_history`(`money_fid`,`money_mb_fid`,`money_mb_uid`,`money_mb_emp_fid`,`money_mb_ech_uid`,`money_amount`,`money_before`,`money_after`,`money_change_type`,`money_bet_round`,`money_bet_mode`,`money_bet_target`,`money_update_time`) values (1151,5,'e01',4,'',10000,7671335,7661335,5,132,18,'M','2025-05-29 10:56:05');
insert  into `money_history`(`money_fid`,`money_mb_fid`,`money_mb_uid`,`money_mb_emp_fid`,`money_mb_ech_uid`,`money_amount`,`money_before`,`money_after`,`money_change_type`,`money_bet_round`,`money_bet_mode`,`money_bet_target`,`money_update_time`) values (1152,5,'e01',4,'',-10000,7757135,7747135,4,136,1,'P','2025-05-29 11:17:35');
insert  into `money_history`(`money_fid`,`money_mb_fid`,`money_mb_uid`,`money_mb_emp_fid`,`money_mb_ech_uid`,`money_amount`,`money_before`,`money_after`,`money_change_type`,`money_bet_round`,`money_bet_mode`,`money_bet_target`,`money_update_time`) values (1153,5,'e01',4,'',-10000,7747135,7737135,4,136,6,'BP','2025-05-29 11:17:43');
insert  into `money_history`(`money_fid`,`money_mb_fid`,`money_mb_uid`,`money_mb_emp_fid`,`money_mb_ech_uid`,`money_amount`,`money_before`,`money_after`,`money_change_type`,`money_bet_round`,`money_bet_mode`,`money_bet_target`,`money_update_time`) values (1154,5,'e01',4,'',-10000,7737135,7727135,4,136,2,'B','2025-05-29 11:17:58');
insert  into `money_history`(`money_fid`,`money_mb_fid`,`money_mb_uid`,`money_mb_emp_fid`,`money_mb_ech_uid`,`money_amount`,`money_before`,`money_after`,`money_change_type`,`money_bet_round`,`money_bet_mode`,`money_bet_target`,`money_update_time`) values (1155,5,'e01',4,'',3060,7746435,7749495,3,0,0,'','2025-05-29 11:26:04');
insert  into `money_history`(`money_fid`,`money_mb_fid`,`money_mb_uid`,`money_mb_emp_fid`,`money_mb_ech_uid`,`money_amount`,`money_before`,`money_after`,`money_change_type`,`money_bet_round`,`money_bet_mode`,`money_bet_target`,`money_update_time`) values (1156,5,'e01',4,'',-10000,7749495,7739495,4,138,2,'B','2025-05-29 11:26:30');
insert  into `money_history`(`money_fid`,`money_mb_fid`,`money_mb_uid`,`money_mb_emp_fid`,`money_mb_ech_uid`,`money_amount`,`money_before`,`money_after`,`money_change_type`,`money_bet_round`,`money_bet_mode`,`money_bet_target`,`money_update_time`) values (1157,5,'e01',4,'',-10000,7739495,7729495,4,138,13,'PP','2025-05-29 11:26:34');
insert  into `money_history`(`money_fid`,`money_mb_fid`,`money_mb_uid`,`money_mb_emp_fid`,`money_mb_ech_uid`,`money_amount`,`money_before`,`money_after`,`money_change_type`,`money_bet_round`,`money_bet_mode`,`money_bet_target`,`money_update_time`) values (1158,5,'e01',4,'',-10000,7729495,7719495,4,138,43,'PP','2025-05-29 11:26:38');
insert  into `money_history`(`money_fid`,`money_mb_fid`,`money_mb_uid`,`money_mb_emp_fid`,`money_mb_ech_uid`,`money_amount`,`money_before`,`money_after`,`money_change_type`,`money_bet_round`,`money_bet_mode`,`money_bet_target`,`money_update_time`) values (1159,5,'e01',4,'',-10000,7719495,7709495,4,138,32,'Q','2025-05-29 11:26:44');
insert  into `money_history`(`money_fid`,`money_mb_fid`,`money_mb_uid`,`money_mb_emp_fid`,`money_mb_ech_uid`,`money_amount`,`money_before`,`money_after`,`money_change_type`,`money_bet_round`,`money_bet_mode`,`money_bet_target`,`money_update_time`) values (1160,5,'e01',4,'',-10000,7709495,7699495,4,138,4,'B','2025-05-29 11:26:51');
insert  into `money_history`(`money_fid`,`money_mb_fid`,`money_mb_uid`,`money_mb_emp_fid`,`money_mb_ech_uid`,`money_amount`,`money_before`,`money_after`,`money_change_type`,`money_bet_round`,`money_bet_mode`,`money_bet_target`,`money_update_time`) values (1161,5,'e01',4,'',-10000,7699495,7689495,4,138,15,'PB','2025-05-29 11:26:54');
insert  into `money_history`(`money_fid`,`money_mb_fid`,`money_mb_uid`,`money_mb_emp_fid`,`money_mb_ech_uid`,`money_amount`,`money_before`,`money_after`,`money_change_type`,`money_bet_round`,`money_bet_mode`,`money_bet_target`,`money_update_time`) values (1162,5,'e01',4,'',-10000,7689495,7679495,4,138,31,'Q','2025-05-29 11:27:01');
insert  into `money_history`(`money_fid`,`money_mb_fid`,`money_mb_uid`,`money_mb_emp_fid`,`money_mb_ech_uid`,`money_amount`,`money_before`,`money_after`,`money_change_type`,`money_bet_round`,`money_bet_mode`,`money_bet_target`,`money_update_time`) values (1163,5,'e01',4,'',-10000,7863195,7853195,4,139,4,'B','2025-05-29 11:31:08');

/*Table structure for table `round_pball` */

DROP TABLE IF EXISTS `round_pball`;

CREATE TABLE `round_pball` (
  `round_fid` int(11) NOT NULL AUTO_INCREMENT,
  `round_game` smallint(6) NOT NULL,
  `round_date` varchar(12) NOT NULL,
  `round_num` int(11) NOT NULL,
  `round_time` datetime NOT NULL,
  `round_state` int(11) NOT NULL,
  `round_result_1` varchar(2) NOT NULL,
  `round_result_2` varchar(2) NOT NULL,
  `round_result_3` varchar(2) NOT NULL,
  `round_result_4` varchar(2) NOT NULL,
  `round_result_5` varchar(2) NOT NULL,
  `round_power` varchar(4) NOT NULL,
  `round_normal` varchar(100) NOT NULL,
  `round_hash` bigint(20) NOT NULL,
  `round_update` datetime NOT NULL DEFAULT current_timestamp() ON UPDATE current_timestamp(),
  `round_period` int(11) NOT NULL,
  PRIMARY KEY (`round_fid`)
) ENGINE=InnoDB AUTO_INCREMENT=716 DEFAULT CHARSET=utf8mb4;

/*Data for the table `round_pball` */

insert  into `round_pball`(`round_fid`,`round_game`,`round_date`,`round_num`,`round_time`,`round_state`,`round_result_1`,`round_result_2`,`round_result_3`,`round_result_4`,`round_result_5`,`round_power`,`round_normal`,`round_hash`,`round_update`,`round_period`) values (607,0,'2025-05-28',280,'2025-05-28 23:15:00',0,'','','','','','','',0,'2025-05-28 23:20:00',300);
insert  into `round_pball`(`round_fid`,`round_game`,`round_date`,`round_num`,`round_time`,`round_state`,`round_result_1`,`round_result_2`,`round_result_3`,`round_result_4`,`round_result_5`,`round_power`,`round_normal`,`round_hash`,`round_update`,`round_period`) values (608,1,'2025-05-28',280,'2025-05-28 23:15:00',0,'','','','','','','',0,'2025-05-28 23:20:00',300);
insert  into `round_pball`(`round_fid`,`round_game`,`round_date`,`round_num`,`round_time`,`round_state`,`round_result_1`,`round_result_2`,`round_result_3`,`round_result_4`,`round_result_5`,`round_power`,`round_normal`,`round_hash`,`round_update`,`round_period`) values (609,2,'2025-05-28',280,'2025-05-28 23:15:00',1,'B','P','B','P','S','00','23,01,07,25,02',0,'2025-05-28 23:20:04',300);
insert  into `round_pball`(`round_fid`,`round_game`,`round_date`,`round_num`,`round_time`,`round_state`,`round_result_1`,`round_result_2`,`round_result_3`,`round_result_4`,`round_result_5`,`round_power`,`round_normal`,`round_hash`,`round_update`,`round_period`) values (610,0,'2025-05-28',281,'2025-05-28 23:20:00',1,'P','P','B','P','S','01','17,02,11,06,18',1486656,'2025-05-28 23:25:07',300);
insert  into `round_pball`(`round_fid`,`round_game`,`round_date`,`round_num`,`round_time`,`round_state`,`round_result_1`,`round_result_2`,`round_result_3`,`round_result_4`,`round_result_5`,`round_power`,`round_normal`,`round_hash`,`round_update`,`round_period`) values (611,0,'2025-05-28',282,'2025-05-28 23:25:00',1,'B','B','P','P','M','06','15,20,21,02,07',1486657,'2025-05-28 23:30:05',300);
insert  into `round_pball`(`round_fid`,`round_game`,`round_date`,`round_num`,`round_time`,`round_state`,`round_result_1`,`round_result_2`,`round_result_3`,`round_result_4`,`round_result_5`,`round_power`,`round_normal`,`round_hash`,`round_update`,`round_period`) values (612,2,'2025-05-28',282,'2025-05-28 23:25:00',1,'B','P','B','P','S','00','05,09,26,16,02',0,'2025-05-28 23:30:04',300);
insert  into `round_pball`(`round_fid`,`round_game`,`round_date`,`round_num`,`round_time`,`round_state`,`round_result_1`,`round_result_2`,`round_result_3`,`round_result_4`,`round_result_5`,`round_power`,`round_normal`,`round_hash`,`round_update`,`round_period`) values (613,1,'2025-05-28',282,'2025-05-28 23:25:00',1,'B','B','B','B','M','08','20,16,25,12,03',442588575,'2025-05-28 23:30:13',300);
insert  into `round_pball`(`round_fid`,`round_game`,`round_date`,`round_num`,`round_time`,`round_state`,`round_result_1`,`round_result_2`,`round_result_3`,`round_result_4`,`round_result_5`,`round_power`,`round_normal`,`round_hash`,`round_update`,`round_period`) values (614,1,'2025-05-28',283,'2025-05-28 23:30:00',1,'B','P','B','B','L','00','24,11,20,25,14',352288455,'2025-05-28 23:35:11',300);
insert  into `round_pball`(`round_fid`,`round_game`,`round_date`,`round_num`,`round_time`,`round_state`,`round_result_1`,`round_result_2`,`round_result_3`,`round_result_4`,`round_result_5`,`round_power`,`round_normal`,`round_hash`,`round_update`,`round_period`) values (615,2,'2025-05-28',283,'2025-05-28 23:30:00',1,'B','P','B','P','S','04','18,03,21,09,13',0,'2025-05-28 23:35:01',300);
insert  into `round_pball`(`round_fid`,`round_game`,`round_date`,`round_num`,`round_time`,`round_state`,`round_result_1`,`round_result_2`,`round_result_3`,`round_result_4`,`round_result_5`,`round_power`,`round_normal`,`round_hash`,`round_update`,`round_period`) values (616,0,'2025-05-28',283,'2025-05-28 23:30:00',1,'P','P','B','P','S','01','27,06,01,23,03',1486658,'2025-05-28 23:35:02',300);
insert  into `round_pball`(`round_fid`,`round_game`,`round_date`,`round_num`,`round_time`,`round_state`,`round_result_1`,`round_result_2`,`round_result_3`,`round_result_4`,`round_result_5`,`round_power`,`round_normal`,`round_hash`,`round_update`,`round_period`) values (617,2,'2025-05-28',284,'2025-05-28 23:35:00',1,'B','P','P','P','S','02','07,08,01,21,26',0,'2025-05-28 23:40:00',300);
insert  into `round_pball`(`round_fid`,`round_game`,`round_date`,`round_num`,`round_time`,`round_state`,`round_result_1`,`round_result_2`,`round_result_3`,`round_result_4`,`round_result_5`,`round_power`,`round_normal`,`round_hash`,`round_update`,`round_period`) values (618,0,'2025-05-28',284,'2025-05-28 23:35:00',1,'B','P','B','P','S','04','15,25,09,02,05',1486659,'2025-05-28 23:40:08',300);
insert  into `round_pball`(`round_fid`,`round_game`,`round_date`,`round_num`,`round_time`,`round_state`,`round_result_1`,`round_result_2`,`round_result_3`,`round_result_4`,`round_result_5`,`round_power`,`round_normal`,`round_hash`,`round_update`,`round_period`) values (619,1,'2025-05-28',284,'2025-05-28 23:35:00',1,'P','B','P','B','L','07','05,23,15,21,27',835548444,'2025-05-28 23:40:07',300);
insert  into `round_pball`(`round_fid`,`round_game`,`round_date`,`round_num`,`round_time`,`round_state`,`round_result_1`,`round_result_2`,`round_result_3`,`round_result_4`,`round_result_5`,`round_power`,`round_normal`,`round_hash`,`round_update`,`round_period`) values (620,0,'2025-05-28',285,'2025-05-28 23:40:00',1,'B','P','B','B','L','04','19,23,17,22,09',1486660,'2025-05-28 23:45:00',300);
insert  into `round_pball`(`round_fid`,`round_game`,`round_date`,`round_num`,`round_time`,`round_state`,`round_result_1`,`round_result_2`,`round_result_3`,`round_result_4`,`round_result_5`,`round_power`,`round_normal`,`round_hash`,`round_update`,`round_period`) values (621,2,'2025-05-28',285,'2025-05-28 23:40:00',1,'P','P','P','P','S','01','01,09,02,20,05',0,'2025-05-28 23:45:00',300);
insert  into `round_pball`(`round_fid`,`round_game`,`round_date`,`round_num`,`round_time`,`round_state`,`round_result_1`,`round_result_2`,`round_result_3`,`round_result_4`,`round_result_5`,`round_power`,`round_normal`,`round_hash`,`round_update`,`round_period`) values (622,1,'2025-05-28',285,'2025-05-28 23:40:00',1,'P','B','B','P','M','09','24,06,09,13,16',26063884,'2025-05-28 23:45:11',300);
insert  into `round_pball`(`round_fid`,`round_game`,`round_date`,`round_num`,`round_time`,`round_state`,`round_result_1`,`round_result_2`,`round_result_3`,`round_result_4`,`round_result_5`,`round_power`,`round_normal`,`round_hash`,`round_update`,`round_period`) values (623,0,'2025-05-28',286,'2025-05-28 23:45:00',1,'P','B','B','B','L','07','15,28,22,24,25',1486661,'2025-05-28 23:50:00',300);
insert  into `round_pball`(`round_fid`,`round_game`,`round_date`,`round_num`,`round_time`,`round_state`,`round_result_1`,`round_result_2`,`round_result_3`,`round_result_4`,`round_result_5`,`round_power`,`round_normal`,`round_hash`,`round_update`,`round_period`) values (624,2,'2025-05-28',286,'2025-05-28 23:45:00',1,'B','P','P','B','M','02','25,18,07,16,09',0,'2025-05-28 23:50:00',300);
insert  into `round_pball`(`round_fid`,`round_game`,`round_date`,`round_num`,`round_time`,`round_state`,`round_result_1`,`round_result_2`,`round_result_3`,`round_result_4`,`round_result_5`,`round_power`,`round_normal`,`round_hash`,`round_update`,`round_period`) values (625,1,'2025-05-28',286,'2025-05-28 23:45:00',1,'P','B','P','B','L','07','22,06,19,28,08',119838138,'2025-05-28 23:50:08',300);
insert  into `round_pball`(`round_fid`,`round_game`,`round_date`,`round_num`,`round_time`,`round_state`,`round_result_1`,`round_result_2`,`round_result_3`,`round_result_4`,`round_result_5`,`round_power`,`round_normal`,`round_hash`,`round_update`,`round_period`) values (626,1,'2025-05-28',287,'2025-05-28 23:50:00',1,'P','B','P','B','L','09','25,27,13,10,22',633178625,'2025-05-28 23:55:06',300);
insert  into `round_pball`(`round_fid`,`round_game`,`round_date`,`round_num`,`round_time`,`round_state`,`round_result_1`,`round_result_2`,`round_result_3`,`round_result_4`,`round_result_5`,`round_power`,`round_normal`,`round_hash`,`round_update`,`round_period`) values (627,2,'2025-05-28',287,'2025-05-28 23:50:00',1,'P','B','P','P','M','07','06,23,24,13,01',0,'2025-05-28 23:55:01',300);
insert  into `round_pball`(`round_fid`,`round_game`,`round_date`,`round_num`,`round_time`,`round_state`,`round_result_1`,`round_result_2`,`round_result_3`,`round_result_4`,`round_result_5`,`round_power`,`round_normal`,`round_hash`,`round_update`,`round_period`) values (628,0,'2025-05-28',287,'2025-05-28 23:50:00',1,'P','P','P','B','L','03','16,23,22,21,01',1486662,'2025-05-28 23:55:03',300);
insert  into `round_pball`(`round_fid`,`round_game`,`round_date`,`round_num`,`round_time`,`round_state`,`round_result_1`,`round_result_2`,`round_result_3`,`round_result_4`,`round_result_5`,`round_power`,`round_normal`,`round_hash`,`round_update`,`round_period`) values (629,1,'2025-05-28',288,'2025-05-28 23:55:00',1,'B','P','P','P','M','00','24,02,14,07,22',610156762,'2025-05-29 00:00:10',300);
insert  into `round_pball`(`round_fid`,`round_game`,`round_date`,`round_num`,`round_time`,`round_state`,`round_result_1`,`round_result_2`,`round_result_3`,`round_result_4`,`round_result_5`,`round_power`,`round_normal`,`round_hash`,`round_update`,`round_period`) values (630,0,'2025-05-28',288,'2025-05-28 23:55:00',1,'P','B','B','B','M','07','28,06,08,14,18',1486663,'2025-05-29 00:00:01',300);
insert  into `round_pball`(`round_fid`,`round_game`,`round_date`,`round_num`,`round_time`,`round_state`,`round_result_1`,`round_result_2`,`round_result_3`,`round_result_4`,`round_result_5`,`round_power`,`round_normal`,`round_hash`,`round_update`,`round_period`) values (631,2,'2025-05-28',288,'2025-05-28 23:55:00',1,'P','P','B','P','S','01','03,06,05,09,21',0,'2025-05-29 00:00:13',300);
insert  into `round_pball`(`round_fid`,`round_game`,`round_date`,`round_num`,`round_time`,`round_state`,`round_result_1`,`round_result_2`,`round_result_3`,`round_result_4`,`round_result_5`,`round_power`,`round_normal`,`round_hash`,`round_update`,`round_period`) values (632,1,'2025-05-29',1,'2025-05-29 00:00:00',1,'P','B','P','P','S','05','07,21,11,04,12',574020425,'2025-05-29 00:05:06',300);
insert  into `round_pball`(`round_fid`,`round_game`,`round_date`,`round_num`,`round_time`,`round_state`,`round_result_1`,`round_result_2`,`round_result_3`,`round_result_4`,`round_result_5`,`round_power`,`round_normal`,`round_hash`,`round_update`,`round_period`) values (633,0,'2025-05-29',1,'2025-05-29 00:00:00',1,'B','B','B','P','S','06','21,16,15,09,01',1486664,'2025-05-29 00:05:02',300);
insert  into `round_pball`(`round_fid`,`round_game`,`round_date`,`round_num`,`round_time`,`round_state`,`round_result_1`,`round_result_2`,`round_result_3`,`round_result_4`,`round_result_5`,`round_power`,`round_normal`,`round_hash`,`round_update`,`round_period`) values (634,2,'2025-05-29',1,'2025-05-29 00:00:00',1,'B','B','P','P','S','08','16,04,01,12,22',0,'2025-05-29 00:05:07',300);
insert  into `round_pball`(`round_fid`,`round_game`,`round_date`,`round_num`,`round_time`,`round_state`,`round_result_1`,`round_result_2`,`round_result_3`,`round_result_4`,`round_result_5`,`round_power`,`round_normal`,`round_hash`,`round_update`,`round_period`) values (635,0,'2025-05-29',119,'2025-05-29 09:50:00',1,'P','P','B','B','L','03','10,28,02,24,26',1486782,'2025-05-29 09:55:04',300);
insert  into `round_pball`(`round_fid`,`round_game`,`round_date`,`round_num`,`round_time`,`round_state`,`round_result_1`,`round_result_2`,`round_result_3`,`round_result_4`,`round_result_5`,`round_power`,`round_normal`,`round_hash`,`round_update`,`round_period`) values (636,2,'2025-05-29',119,'2025-05-29 09:50:00',1,'P','B','P','B','L','07','07,08,25,20,23',0,'2025-05-29 09:55:03',300);
insert  into `round_pball`(`round_fid`,`round_game`,`round_date`,`round_num`,`round_time`,`round_state`,`round_result_1`,`round_result_2`,`round_result_3`,`round_result_4`,`round_result_5`,`round_power`,`round_normal`,`round_hash`,`round_update`,`round_period`) values (637,1,'2025-05-29',119,'2025-05-29 09:50:00',1,'P','B','B','B','M','05','17,13,27,09,10',135600056,'2025-05-29 09:55:04',300);
insert  into `round_pball`(`round_fid`,`round_game`,`round_date`,`round_num`,`round_time`,`round_state`,`round_result_1`,`round_result_2`,`round_result_3`,`round_result_4`,`round_result_5`,`round_power`,`round_normal`,`round_hash`,`round_update`,`round_period`) values (638,2,'2025-05-29',120,'2025-05-29 09:55:00',1,'B','B','B','P','S','08','05,07,03,13,06',0,'2025-05-29 10:00:00',300);
insert  into `round_pball`(`round_fid`,`round_game`,`round_date`,`round_num`,`round_time`,`round_state`,`round_result_1`,`round_result_2`,`round_result_3`,`round_result_4`,`round_result_5`,`round_power`,`round_normal`,`round_hash`,`round_update`,`round_period`) values (639,0,'2025-05-29',120,'2025-05-29 09:55:00',1,'B','P','B','B','L','00','25,23,09,17,18',1486783,'2025-05-29 10:00:00',300);
insert  into `round_pball`(`round_fid`,`round_game`,`round_date`,`round_num`,`round_time`,`round_state`,`round_result_1`,`round_result_2`,`round_result_3`,`round_result_4`,`round_result_5`,`round_power`,`round_normal`,`round_hash`,`round_update`,`round_period`) values (640,1,'2025-05-29',120,'2025-05-29 09:55:00',1,'B','P','B','P','S','00','23,03,15,11,12',229228206,'2025-05-29 10:00:12',300);
insert  into `round_pball`(`round_fid`,`round_game`,`round_date`,`round_num`,`round_time`,`round_state`,`round_result_1`,`round_result_2`,`round_result_3`,`round_result_4`,`round_result_5`,`round_power`,`round_normal`,`round_hash`,`round_update`,`round_period`) values (641,0,'2025-05-29',121,'2025-05-29 10:00:00',1,'B','P','P','B','M','00','05,26,24,16,06',1486784,'2025-05-29 10:05:00',300);
insert  into `round_pball`(`round_fid`,`round_game`,`round_date`,`round_num`,`round_time`,`round_state`,`round_result_1`,`round_result_2`,`round_result_3`,`round_result_4`,`round_result_5`,`round_power`,`round_normal`,`round_hash`,`round_update`,`round_period`) values (642,1,'2025-05-29',121,'2025-05-29 10:00:00',1,'P','B','P','P','M','05','14,16,07,13,19',18867516,'2025-05-29 10:05:06',300);
insert  into `round_pball`(`round_fid`,`round_game`,`round_date`,`round_num`,`round_time`,`round_state`,`round_result_1`,`round_result_2`,`round_result_3`,`round_result_4`,`round_result_5`,`round_power`,`round_normal`,`round_hash`,`round_update`,`round_period`) values (643,2,'2025-05-29',121,'2025-05-29 10:00:00',1,'B','P','B','B','L','04','17,16,24,14,19',0,'2025-05-29 10:05:01',300);
insert  into `round_pball`(`round_fid`,`round_game`,`round_date`,`round_num`,`round_time`,`round_state`,`round_result_1`,`round_result_2`,`round_result_3`,`round_result_4`,`round_result_5`,`round_power`,`round_normal`,`round_hash`,`round_update`,`round_period`) values (644,2,'2025-05-29',122,'2025-05-29 10:05:00',1,'B','B','P','P','S','08','05,01,24,09,14',0,'2025-05-29 10:10:01',300);
insert  into `round_pball`(`round_fid`,`round_game`,`round_date`,`round_num`,`round_time`,`round_state`,`round_result_1`,`round_result_2`,`round_result_3`,`round_result_4`,`round_result_5`,`round_power`,`round_normal`,`round_hash`,`round_update`,`round_period`) values (645,1,'2025-05-29',122,'2025-05-29 10:05:00',1,'P','B','P','B','L','09','20,24,26,01,22',480666818,'2025-05-29 10:10:06',300);
insert  into `round_pball`(`round_fid`,`round_game`,`round_date`,`round_num`,`round_time`,`round_state`,`round_result_1`,`round_result_2`,`round_result_3`,`round_result_4`,`round_result_5`,`round_power`,`round_normal`,`round_hash`,`round_update`,`round_period`) values (646,0,'2025-05-29',122,'2025-05-29 10:05:00',1,'B','P','P','P','S','04','01,07,21,08,24',1486785,'2025-05-29 10:10:01',300);
insert  into `round_pball`(`round_fid`,`round_game`,`round_date`,`round_num`,`round_time`,`round_state`,`round_result_1`,`round_result_2`,`round_result_3`,`round_result_4`,`round_result_5`,`round_power`,`round_normal`,`round_hash`,`round_update`,`round_period`) values (647,0,'2025-05-29',123,'2025-05-29 10:10:00',1,'P','P','P','B','M','03','06,12,23,10,26',1486786,'2025-05-29 10:15:00',300);
insert  into `round_pball`(`round_fid`,`round_game`,`round_date`,`round_num`,`round_time`,`round_state`,`round_result_1`,`round_result_2`,`round_result_3`,`round_result_4`,`round_result_5`,`round_power`,`round_normal`,`round_hash`,`round_update`,`round_period`) values (648,2,'2025-05-29',123,'2025-05-29 10:10:00',1,'B','P','B','P','S','02','17,03,05,08,21',0,'2025-05-29 10:15:01',300);
insert  into `round_pball`(`round_fid`,`round_game`,`round_date`,`round_num`,`round_time`,`round_state`,`round_result_1`,`round_result_2`,`round_result_3`,`round_result_4`,`round_result_5`,`round_power`,`round_normal`,`round_hash`,`round_update`,`round_period`) values (649,1,'2025-05-29',123,'2025-05-29 10:10:00',1,'P','B','P','B','M','09','13,27,16,11,12',267379719,'2025-05-29 10:15:08',300);
insert  into `round_pball`(`round_fid`,`round_game`,`round_date`,`round_num`,`round_time`,`round_state`,`round_result_1`,`round_result_2`,`round_result_3`,`round_result_4`,`round_result_5`,`round_power`,`round_normal`,`round_hash`,`round_update`,`round_period`) values (650,2,'2025-05-29',124,'2025-05-29 10:15:00',1,'P','B','P','P','S','07','07,03,06,05,14',0,'2025-05-29 10:20:00',300);
insert  into `round_pball`(`round_fid`,`round_game`,`round_date`,`round_num`,`round_time`,`round_state`,`round_result_1`,`round_result_2`,`round_result_3`,`round_result_4`,`round_result_5`,`round_power`,`round_normal`,`round_hash`,`round_update`,`round_period`) values (651,1,'2025-05-29',124,'2025-05-29 10:15:00',1,'B','P','P','P','M','04','06,20,07,13,23',678744818,'2025-05-29 10:20:05',300);
insert  into `round_pball`(`round_fid`,`round_game`,`round_date`,`round_num`,`round_time`,`round_state`,`round_result_1`,`round_result_2`,`round_result_3`,`round_result_4`,`round_result_5`,`round_power`,`round_normal`,`round_hash`,`round_update`,`round_period`) values (652,0,'2025-05-29',124,'2025-05-29 10:15:00',1,'B','P','B','P','S','02','06,03,19,28,02',1486787,'2025-05-29 10:20:01',300);
insert  into `round_pball`(`round_fid`,`round_game`,`round_date`,`round_num`,`round_time`,`round_state`,`round_result_1`,`round_result_2`,`round_result_3`,`round_result_4`,`round_result_5`,`round_power`,`round_normal`,`round_hash`,`round_update`,`round_period`) values (653,0,'2025-05-29',125,'2025-05-29 10:20:00',1,'B','P','P','P','S','02','12,03,13,10,11',1486788,'2025-05-29 10:25:00',300);
insert  into `round_pball`(`round_fid`,`round_game`,`round_date`,`round_num`,`round_time`,`round_state`,`round_result_1`,`round_result_2`,`round_result_3`,`round_result_4`,`round_result_5`,`round_power`,`round_normal`,`round_hash`,`round_update`,`round_period`) values (654,2,'2025-05-29',125,'2025-05-29 10:20:00',1,'P','B','B','P','M','09','18,07,06,13,22',0,'2025-05-29 10:25:01',300);
insert  into `round_pball`(`round_fid`,`round_game`,`round_date`,`round_num`,`round_time`,`round_state`,`round_result_1`,`round_result_2`,`round_result_3`,`round_result_4`,`round_result_5`,`round_power`,`round_normal`,`round_hash`,`round_update`,`round_period`) values (655,1,'2025-05-29',125,'2025-05-29 10:20:00',1,'B','B','P','P','S','06','28,09,02,15,01',915277717,'2025-05-29 10:25:08',300);
insert  into `round_pball`(`round_fid`,`round_game`,`round_date`,`round_num`,`round_time`,`round_state`,`round_result_1`,`round_result_2`,`round_result_3`,`round_result_4`,`round_result_5`,`round_power`,`round_normal`,`round_hash`,`round_update`,`round_period`) values (656,2,'2025-05-29',126,'2025-05-29 10:25:00',1,'P','B','B','P','S','09','24,12,03,15,10',0,'2025-05-29 10:30:00',300);
insert  into `round_pball`(`round_fid`,`round_game`,`round_date`,`round_num`,`round_time`,`round_state`,`round_result_1`,`round_result_2`,`round_result_3`,`round_result_4`,`round_result_5`,`round_power`,`round_normal`,`round_hash`,`round_update`,`round_period`) values (657,1,'2025-05-29',126,'2025-05-29 10:25:00',1,'B','B','B','B','L','08','23,15,21,16,13',875973916,'2025-05-29 10:30:09',300);
insert  into `round_pball`(`round_fid`,`round_game`,`round_date`,`round_num`,`round_time`,`round_state`,`round_result_1`,`round_result_2`,`round_result_3`,`round_result_4`,`round_result_5`,`round_power`,`round_normal`,`round_hash`,`round_update`,`round_period`) values (658,0,'2025-05-29',126,'2025-05-29 10:25:00',1,'P','B','P','P','M','07','03,27,21,04,14',1486789,'2025-05-29 10:30:01',300);
insert  into `round_pball`(`round_fid`,`round_game`,`round_date`,`round_num`,`round_time`,`round_state`,`round_result_1`,`round_result_2`,`round_result_3`,`round_result_4`,`round_result_5`,`round_power`,`round_normal`,`round_hash`,`round_update`,`round_period`) values (659,1,'2025-05-29',127,'2025-05-29 10:30:00',1,'P','P','P','P','S','01','18,10,19,12,04',968490966,'2025-05-29 10:35:07',300);
insert  into `round_pball`(`round_fid`,`round_game`,`round_date`,`round_num`,`round_time`,`round_state`,`round_result_1`,`round_result_2`,`round_result_3`,`round_result_4`,`round_result_5`,`round_power`,`round_normal`,`round_hash`,`round_update`,`round_period`) values (660,0,'2025-05-29',127,'2025-05-29 10:30:00',1,'P','B','B','B','M','07','20,24,02,18,14',1486790,'2025-05-29 10:35:00',300);
insert  into `round_pball`(`round_fid`,`round_game`,`round_date`,`round_num`,`round_time`,`round_state`,`round_result_1`,`round_result_2`,`round_result_3`,`round_result_4`,`round_result_5`,`round_power`,`round_normal`,`round_hash`,`round_update`,`round_period`) values (661,2,'2025-05-29',127,'2025-05-29 10:30:00',1,'P','B','P','P','S','07','06,20,26,07,02',0,'2025-05-29 10:35:01',300);
insert  into `round_pball`(`round_fid`,`round_game`,`round_date`,`round_num`,`round_time`,`round_state`,`round_result_1`,`round_result_2`,`round_result_3`,`round_result_4`,`round_result_5`,`round_power`,`round_normal`,`round_hash`,`round_update`,`round_period`) values (662,2,'2025-05-29',128,'2025-05-29 10:35:00',1,'P','P','P','P','S','01','10,22,01,19,07',0,'2025-05-29 10:40:00',300);
insert  into `round_pball`(`round_fid`,`round_game`,`round_date`,`round_num`,`round_time`,`round_state`,`round_result_1`,`round_result_2`,`round_result_3`,`round_result_4`,`round_result_5`,`round_power`,`round_normal`,`round_hash`,`round_update`,`round_period`) values (663,0,'2025-05-29',128,'2025-05-29 10:35:00',1,'P','B','B','P','M','05','10,18,09,28,05',1486791,'2025-05-29 10:40:00',300);
insert  into `round_pball`(`round_fid`,`round_game`,`round_date`,`round_num`,`round_time`,`round_state`,`round_result_1`,`round_result_2`,`round_result_3`,`round_result_4`,`round_result_5`,`round_power`,`round_normal`,`round_hash`,`round_update`,`round_period`) values (664,1,'2025-05-29',128,'2025-05-29 10:35:00',1,'P','B','P','P','S','07','08,20,16,07,10',972103281,'2025-05-29 10:40:06',300);
insert  into `round_pball`(`round_fid`,`round_game`,`round_date`,`round_num`,`round_time`,`round_state`,`round_result_1`,`round_result_2`,`round_result_3`,`round_result_4`,`round_result_5`,`round_power`,`round_normal`,`round_hash`,`round_update`,`round_period`) values (665,2,'2025-05-29',129,'2025-05-29 10:40:00',1,'B','B','P','B','L','06','12,23,05,15,28',0,'2025-05-29 10:45:00',300);
insert  into `round_pball`(`round_fid`,`round_game`,`round_date`,`round_num`,`round_time`,`round_state`,`round_result_1`,`round_result_2`,`round_result_3`,`round_result_4`,`round_result_5`,`round_power`,`round_normal`,`round_hash`,`round_update`,`round_period`) values (666,1,'2025-05-29',129,'2025-05-29 10:40:00',1,'P','P','B','B','L','01','19,16,22,20,27',831082735,'2025-05-29 10:45:11',300);
insert  into `round_pball`(`round_fid`,`round_game`,`round_date`,`round_num`,`round_time`,`round_state`,`round_result_1`,`round_result_2`,`round_result_3`,`round_result_4`,`round_result_5`,`round_power`,`round_normal`,`round_hash`,`round_update`,`round_period`) values (667,0,'2025-05-29',129,'2025-05-29 10:40:00',1,'P','P','B','P','S','03','01,04,24,13,06',1486792,'2025-05-29 10:45:01',300);
insert  into `round_pball`(`round_fid`,`round_game`,`round_date`,`round_num`,`round_time`,`round_state`,`round_result_1`,`round_result_2`,`round_result_3`,`round_result_4`,`round_result_5`,`round_power`,`round_normal`,`round_hash`,`round_update`,`round_period`) values (668,2,'2025-05-29',130,'2025-05-29 10:45:00',1,'P','P','B','P','S','03','06,08,09,03,12',0,'2025-05-29 10:50:01',300);
insert  into `round_pball`(`round_fid`,`round_game`,`round_date`,`round_num`,`round_time`,`round_state`,`round_result_1`,`round_result_2`,`round_result_3`,`round_result_4`,`round_result_5`,`round_power`,`round_normal`,`round_hash`,`round_update`,`round_period`) values (669,0,'2025-05-29',130,'2025-05-29 10:45:00',1,'B','P','B','B','L','00','20,26,16,11,17',1486793,'2025-05-29 10:50:01',300);
insert  into `round_pball`(`round_fid`,`round_game`,`round_date`,`round_num`,`round_time`,`round_state`,`round_result_1`,`round_result_2`,`round_result_3`,`round_result_4`,`round_result_5`,`round_power`,`round_normal`,`round_hash`,`round_update`,`round_period`) values (670,1,'2025-05-29',130,'2025-05-29 10:45:00',1,'P','B','B','P','S','05','02,20,17,11,14',244268554,'2025-05-29 10:50:06',300);
insert  into `round_pball`(`round_fid`,`round_game`,`round_date`,`round_num`,`round_time`,`round_state`,`round_result_1`,`round_result_2`,`round_result_3`,`round_result_4`,`round_result_5`,`round_power`,`round_normal`,`round_hash`,`round_update`,`round_period`) values (671,1,'2025-05-29',131,'2025-05-29 10:50:00',1,'B','P','B','B','L','02','27,18,25,22,16',617320816,'2025-05-29 10:55:03',300);
insert  into `round_pball`(`round_fid`,`round_game`,`round_date`,`round_num`,`round_time`,`round_state`,`round_result_1`,`round_result_2`,`round_result_3`,`round_result_4`,`round_result_5`,`round_power`,`round_normal`,`round_hash`,`round_update`,`round_period`) values (672,0,'2025-05-29',131,'2025-05-29 10:50:00',1,'B','P','P','B','L','02','28,27,08,20,26',1486794,'2025-05-29 10:55:01',300);
insert  into `round_pball`(`round_fid`,`round_game`,`round_date`,`round_num`,`round_time`,`round_state`,`round_result_1`,`round_result_2`,`round_result_3`,`round_result_4`,`round_result_5`,`round_power`,`round_normal`,`round_hash`,`round_update`,`round_period`) values (673,2,'2025-05-29',131,'2025-05-29 10:50:00',1,'P','P','P','B','L','03','11,23,16,09,24',0,'2025-05-29 10:55:01',300);
insert  into `round_pball`(`round_fid`,`round_game`,`round_date`,`round_num`,`round_time`,`round_state`,`round_result_1`,`round_result_2`,`round_result_3`,`round_result_4`,`round_result_5`,`round_power`,`round_normal`,`round_hash`,`round_update`,`round_period`) values (674,2,'2025-05-29',132,'2025-05-29 10:55:00',1,'B','B','B','B','M','08','09,23,03,18,21',0,'2025-05-29 11:00:00',300);
insert  into `round_pball`(`round_fid`,`round_game`,`round_date`,`round_num`,`round_time`,`round_state`,`round_result_1`,`round_result_2`,`round_result_3`,`round_result_4`,`round_result_5`,`round_power`,`round_normal`,`round_hash`,`round_update`,`round_period`) values (675,1,'2025-05-29',132,'2025-05-29 10:55:00',1,'P','B','P','B','M','09','14,13,19,06,25',215472587,'2025-05-29 11:00:11',300);
insert  into `round_pball`(`round_fid`,`round_game`,`round_date`,`round_num`,`round_time`,`round_state`,`round_result_1`,`round_result_2`,`round_result_3`,`round_result_4`,`round_result_5`,`round_power`,`round_normal`,`round_hash`,`round_update`,`round_period`) values (676,0,'2025-05-29',132,'2025-05-29 10:55:00',1,'P','P','P','P','M','01','01,26,05,12,21',1486795,'2025-05-29 11:00:01',300);
insert  into `round_pball`(`round_fid`,`round_game`,`round_date`,`round_num`,`round_time`,`round_state`,`round_result_1`,`round_result_2`,`round_result_3`,`round_result_4`,`round_result_5`,`round_power`,`round_normal`,`round_hash`,`round_update`,`round_period`) values (677,1,'2025-05-29',135,'2025-05-29 11:10:00',1,'P','P','P','P','M','03','18,05,01,16,25',552150212,'2025-05-29 11:15:28',300);
insert  into `round_pball`(`round_fid`,`round_game`,`round_date`,`round_num`,`round_time`,`round_state`,`round_result_1`,`round_result_2`,`round_result_3`,`round_result_4`,`round_result_5`,`round_power`,`round_normal`,`round_hash`,`round_update`,`round_period`) values (678,0,'2025-05-29',135,'2025-05-29 11:10:00',1,'P','P','P','P','M','01','13,20,05,16,15',1486798,'2025-05-29 11:15:12',300);
insert  into `round_pball`(`round_fid`,`round_game`,`round_date`,`round_num`,`round_time`,`round_state`,`round_result_1`,`round_result_2`,`round_result_3`,`round_result_4`,`round_result_5`,`round_power`,`round_normal`,`round_hash`,`round_update`,`round_period`) values (679,2,'2025-05-29',135,'2025-05-29 11:10:00',1,'P','P','B','B','L','01','16,15,25,12,22',0,'2025-05-29 11:15:12',300);
insert  into `round_pball`(`round_fid`,`round_game`,`round_date`,`round_num`,`round_time`,`round_state`,`round_result_1`,`round_result_2`,`round_result_3`,`round_result_4`,`round_result_5`,`round_power`,`round_normal`,`round_hash`,`round_update`,`round_period`) values (680,2,'2025-05-29',136,'2025-05-29 11:15:00',1,'P','P','P','P','S','01','09,04,21,03,02',0,'2025-05-29 11:20:00',300);
insert  into `round_pball`(`round_fid`,`round_game`,`round_date`,`round_num`,`round_time`,`round_state`,`round_result_1`,`round_result_2`,`round_result_3`,`round_result_4`,`round_result_5`,`round_power`,`round_normal`,`round_hash`,`round_update`,`round_period`) values (681,1,'2025-05-29',136,'2025-05-29 11:15:00',1,'B','B','B','P','M','06','25,04,05,12,24',191754612,'2025-05-29 11:20:11',300);
insert  into `round_pball`(`round_fid`,`round_game`,`round_date`,`round_num`,`round_time`,`round_state`,`round_result_1`,`round_result_2`,`round_result_3`,`round_result_4`,`round_result_5`,`round_power`,`round_normal`,`round_hash`,`round_update`,`round_period`) values (682,0,'2025-05-29',136,'2025-05-29 11:15:00',1,'P','B','P','B','L','05','24,21,26,12,22',1486799,'2025-05-29 11:20:01',300);
insert  into `round_pball`(`round_fid`,`round_game`,`round_date`,`round_num`,`round_time`,`round_state`,`round_result_1`,`round_result_2`,`round_result_3`,`round_result_4`,`round_result_5`,`round_power`,`round_normal`,`round_hash`,`round_update`,`round_period`) values (683,1,'2025-05-29',137,'2025-05-29 11:20:00',1,'B','P','B','P','S','00','01,24,23,04,12',372103766,'2025-05-29 11:25:09',300);
insert  into `round_pball`(`round_fid`,`round_game`,`round_date`,`round_num`,`round_time`,`round_state`,`round_result_1`,`round_result_2`,`round_result_3`,`round_result_4`,`round_result_5`,`round_power`,`round_normal`,`round_hash`,`round_update`,`round_period`) values (684,0,'2025-05-29',137,'2025-05-29 11:20:00',1,'B','B','B','B','L','06','19,24,25,23,03',1486800,'2025-05-29 11:25:01',300);
insert  into `round_pball`(`round_fid`,`round_game`,`round_date`,`round_num`,`round_time`,`round_state`,`round_result_1`,`round_result_2`,`round_result_3`,`round_result_4`,`round_result_5`,`round_power`,`round_normal`,`round_hash`,`round_update`,`round_period`) values (685,2,'2025-05-29',137,'2025-05-29 11:20:00',1,'P','B','B','B','L','09','02,24,16,19,21',0,'2025-05-29 11:25:01',300);
insert  into `round_pball`(`round_fid`,`round_game`,`round_date`,`round_num`,`round_time`,`round_state`,`round_result_1`,`round_result_2`,`round_result_3`,`round_result_4`,`round_result_5`,`round_power`,`round_normal`,`round_hash`,`round_update`,`round_period`) values (686,1,'2025-05-29',138,'2025-05-29 11:25:00',1,'B','P','P','B','L','02','25,15,16,04,23',194538745,'2025-05-29 11:30:09',300);
insert  into `round_pball`(`round_fid`,`round_game`,`round_date`,`round_num`,`round_time`,`round_state`,`round_result_1`,`round_result_2`,`round_result_3`,`round_result_4`,`round_result_5`,`round_power`,`round_normal`,`round_hash`,`round_update`,`round_period`) values (687,0,'2025-05-29',138,'2025-05-29 11:25:00',1,'B','P','P','P','M','00','02,05,13,20,27',1486801,'2025-05-29 11:30:00',300);
insert  into `round_pball`(`round_fid`,`round_game`,`round_date`,`round_num`,`round_time`,`round_state`,`round_result_1`,`round_result_2`,`round_result_3`,`round_result_4`,`round_result_5`,`round_power`,`round_normal`,`round_hash`,`round_update`,`round_period`) values (688,2,'2025-05-29',138,'2025-05-29 11:25:00',1,'P','P','P','B','L','01','26,11,25,07,28',0,'2025-05-29 11:30:01',300);
insert  into `round_pball`(`round_fid`,`round_game`,`round_date`,`round_num`,`round_time`,`round_state`,`round_result_1`,`round_result_2`,`round_result_3`,`round_result_4`,`round_result_5`,`round_power`,`round_normal`,`round_hash`,`round_update`,`round_period`) values (689,0,'2025-05-29',139,'2025-05-29 11:30:00',1,'P','B','P','B','L','05','23,10,05,26,25',1486802,'2025-05-29 11:35:00',300);
insert  into `round_pball`(`round_fid`,`round_game`,`round_date`,`round_num`,`round_time`,`round_state`,`round_result_1`,`round_result_2`,`round_result_3`,`round_result_4`,`round_result_5`,`round_power`,`round_normal`,`round_hash`,`round_update`,`round_period`) values (690,2,'2025-05-29',139,'2025-05-29 11:30:00',1,'P','P','B','P','S','01','07,05,06,26,04',0,'2025-05-29 11:35:00',300);
insert  into `round_pball`(`round_fid`,`round_game`,`round_date`,`round_num`,`round_time`,`round_state`,`round_result_1`,`round_result_2`,`round_result_3`,`round_result_4`,`round_result_5`,`round_power`,`round_normal`,`round_hash`,`round_update`,`round_period`) values (691,1,'2025-05-29',139,'2025-05-29 11:30:00',1,'P','P','P','B','M','03','07,26,15,14,17',28729024,'2025-05-29 11:35:08',300);
insert  into `round_pball`(`round_fid`,`round_game`,`round_date`,`round_num`,`round_time`,`round_state`,`round_result_1`,`round_result_2`,`round_result_3`,`round_result_4`,`round_result_5`,`round_power`,`round_normal`,`round_hash`,`round_update`,`round_period`) values (692,2,'2025-05-29',140,'2025-05-29 11:35:00',1,'P','B','P','B','L','09','17,15,10,19,20',0,'2025-05-29 11:40:00',300);
insert  into `round_pball`(`round_fid`,`round_game`,`round_date`,`round_num`,`round_time`,`round_state`,`round_result_1`,`round_result_2`,`round_result_3`,`round_result_4`,`round_result_5`,`round_power`,`round_normal`,`round_hash`,`round_update`,`round_period`) values (693,1,'2025-05-29',140,'2025-05-29 11:35:00',1,'B','P','P','P','S','02','18,04,24,02,09',663453443,'2025-05-29 11:40:03',300);
insert  into `round_pball`(`round_fid`,`round_game`,`round_date`,`round_num`,`round_time`,`round_state`,`round_result_1`,`round_result_2`,`round_result_3`,`round_result_4`,`round_result_5`,`round_power`,`round_normal`,`round_hash`,`round_update`,`round_period`) values (694,0,'2025-05-29',140,'2025-05-29 11:35:00',1,'B','B','P','B','L','06','28,05,08,18,26',1486803,'2025-05-29 11:40:01',300);
insert  into `round_pball`(`round_fid`,`round_game`,`round_date`,`round_num`,`round_time`,`round_state`,`round_result_1`,`round_result_2`,`round_result_3`,`round_result_4`,`round_result_5`,`round_power`,`round_normal`,`round_hash`,`round_update`,`round_period`) values (695,0,'2025-05-29',141,'2025-05-29 11:40:00',1,'B','B','P','B','L','08','08,02,28,23,24',1486804,'2025-05-29 11:45:00',300);
insert  into `round_pball`(`round_fid`,`round_game`,`round_date`,`round_num`,`round_time`,`round_state`,`round_result_1`,`round_result_2`,`round_result_3`,`round_result_4`,`round_result_5`,`round_power`,`round_normal`,`round_hash`,`round_update`,`round_period`) values (696,1,'2025-05-29',141,'2025-05-29 11:40:00',1,'P','P','P','P','S','03','08,11,01,22,15',125627734,'2025-05-29 11:45:10',300);
insert  into `round_pball`(`round_fid`,`round_game`,`round_date`,`round_num`,`round_time`,`round_state`,`round_result_1`,`round_result_2`,`round_result_3`,`round_result_4`,`round_result_5`,`round_power`,`round_normal`,`round_hash`,`round_update`,`round_period`) values (697,2,'2025-05-29',141,'2025-05-29 11:40:00',1,'B','B','B','P','S','06','15,07,09,14,03',0,'2025-05-29 11:45:01',300);
insert  into `round_pball`(`round_fid`,`round_game`,`round_date`,`round_num`,`round_time`,`round_state`,`round_result_1`,`round_result_2`,`round_result_3`,`round_result_4`,`round_result_5`,`round_power`,`round_normal`,`round_hash`,`round_update`,`round_period`) values (698,0,'2025-05-29',142,'2025-05-29 11:45:00',1,'B','P','P','P','S','04','08,20,05,13,07',1486805,'2025-05-29 11:50:00',300);
insert  into `round_pball`(`round_fid`,`round_game`,`round_date`,`round_num`,`round_time`,`round_state`,`round_result_1`,`round_result_2`,`round_result_3`,`round_result_4`,`round_result_5`,`round_power`,`round_normal`,`round_hash`,`round_update`,`round_period`) values (699,2,'2025-05-29',142,'2025-05-29 11:45:00',1,'P','B','P','B','L','07','14,18,25,07,27',0,'2025-05-29 11:50:00',300);
insert  into `round_pball`(`round_fid`,`round_game`,`round_date`,`round_num`,`round_time`,`round_state`,`round_result_1`,`round_result_2`,`round_result_3`,`round_result_4`,`round_result_5`,`round_power`,`round_normal`,`round_hash`,`round_update`,`round_period`) values (700,1,'2025-05-29',142,'2025-05-29 11:45:00',1,'B','P','B','P','M','02','21,12,01,19,13',114039105,'2025-05-29 11:50:09',300);
insert  into `round_pball`(`round_fid`,`round_game`,`round_date`,`round_num`,`round_time`,`round_state`,`round_result_1`,`round_result_2`,`round_result_3`,`round_result_4`,`round_result_5`,`round_power`,`round_normal`,`round_hash`,`round_update`,`round_period`) values (701,1,'2025-05-29',143,'2025-05-29 11:50:00',1,'B','P','B','B','L','00','17,20,28,07,14',914631185,'2025-05-29 11:55:03',300);
insert  into `round_pball`(`round_fid`,`round_game`,`round_date`,`round_num`,`round_time`,`round_state`,`round_result_1`,`round_result_2`,`round_result_3`,`round_result_4`,`round_result_5`,`round_power`,`round_normal`,`round_hash`,`round_update`,`round_period`) values (702,0,'2025-05-29',143,'2025-05-29 11:50:00',1,'P','B','B','P','M','09','06,19,07,09,27',1486806,'2025-05-29 11:55:01',300);
insert  into `round_pball`(`round_fid`,`round_game`,`round_date`,`round_num`,`round_time`,`round_state`,`round_result_1`,`round_result_2`,`round_result_3`,`round_result_4`,`round_result_5`,`round_power`,`round_normal`,`round_hash`,`round_update`,`round_period`) values (703,2,'2025-05-29',143,'2025-05-29 11:50:00',1,'B','B','P','B','M','06','20,19,01,16,17',0,'2025-05-29 11:55:00',300);
insert  into `round_pball`(`round_fid`,`round_game`,`round_date`,`round_num`,`round_time`,`round_state`,`round_result_1`,`round_result_2`,`round_result_3`,`round_result_4`,`round_result_5`,`round_power`,`round_normal`,`round_hash`,`round_update`,`round_period`) values (704,2,'2025-05-29',144,'2025-05-29 11:55:00',1,'B','P','B','B','L','00','09,24,14,23,20',0,'2025-05-29 12:00:00',300);
insert  into `round_pball`(`round_fid`,`round_game`,`round_date`,`round_num`,`round_time`,`round_state`,`round_result_1`,`round_result_2`,`round_result_3`,`round_result_4`,`round_result_5`,`round_power`,`round_normal`,`round_hash`,`round_update`,`round_period`) values (705,0,'2025-05-29',144,'2025-05-29 11:55:00',1,'P','P','P','P','S','01','03,04,01,05,20',1486807,'2025-05-29 12:00:00',300);
insert  into `round_pball`(`round_fid`,`round_game`,`round_date`,`round_num`,`round_time`,`round_state`,`round_result_1`,`round_result_2`,`round_result_3`,`round_result_4`,`round_result_5`,`round_power`,`round_normal`,`round_hash`,`round_update`,`round_period`) values (706,1,'2025-05-29',144,'2025-05-29 11:55:00',1,'P','P','B','P','M','01','05,15,03,27,20',973849221,'2025-05-29 12:00:09',300);
insert  into `round_pball`(`round_fid`,`round_game`,`round_date`,`round_num`,`round_time`,`round_state`,`round_result_1`,`round_result_2`,`round_result_3`,`round_result_4`,`round_result_5`,`round_power`,`round_normal`,`round_hash`,`round_update`,`round_period`) values (707,2,'2025-05-29',145,'2025-05-29 12:00:00',1,'P','B','P','B','M','09','19,15,27,09,05',0,'2025-05-29 12:05:00',300);
insert  into `round_pball`(`round_fid`,`round_game`,`round_date`,`round_num`,`round_time`,`round_state`,`round_result_1`,`round_result_2`,`round_result_3`,`round_result_4`,`round_result_5`,`round_power`,`round_normal`,`round_hash`,`round_update`,`round_period`) values (708,0,'2025-05-29',145,'2025-05-29 12:00:00',1,'B','P','P','P','S','04','19,01,13,21,05',1486808,'2025-05-29 12:05:01',300);
insert  into `round_pball`(`round_fid`,`round_game`,`round_date`,`round_num`,`round_time`,`round_state`,`round_result_1`,`round_result_2`,`round_result_3`,`round_result_4`,`round_result_5`,`round_power`,`round_normal`,`round_hash`,`round_update`,`round_period`) values (709,1,'2025-05-29',145,'2025-05-29 12:00:00',1,'P','P','P','B','L','03','17,04,14,18,28',649015208,'2025-05-29 12:05:09',300);
insert  into `round_pball`(`round_fid`,`round_game`,`round_date`,`round_num`,`round_time`,`round_state`,`round_result_1`,`round_result_2`,`round_result_3`,`round_result_4`,`round_result_5`,`round_power`,`round_normal`,`round_hash`,`round_update`,`round_period`) values (710,0,'2025-05-29',146,'2025-05-29 12:05:00',1,'P','B','B','P','S','07','06,05,07,20,12',1486809,'2025-05-29 12:10:00',300);
insert  into `round_pball`(`round_fid`,`round_game`,`round_date`,`round_num`,`round_time`,`round_state`,`round_result_1`,`round_result_2`,`round_result_3`,`round_result_4`,`round_result_5`,`round_power`,`round_normal`,`round_hash`,`round_update`,`round_period`) values (711,1,'2025-05-29',146,'2025-05-29 12:05:00',1,'B','P','B','P','S','02','04,14,23,07,16',515281360,'2025-05-29 12:10:03',300);
insert  into `round_pball`(`round_fid`,`round_game`,`round_date`,`round_num`,`round_time`,`round_state`,`round_result_1`,`round_result_2`,`round_result_3`,`round_result_4`,`round_result_5`,`round_power`,`round_normal`,`round_hash`,`round_update`,`round_period`) values (712,2,'2025-05-29',146,'2025-05-29 12:05:00',1,'B','P','B','P','M','04','03,05,21,17,24',0,'2025-05-29 12:10:01',300);
insert  into `round_pball`(`round_fid`,`round_game`,`round_date`,`round_num`,`round_time`,`round_state`,`round_result_1`,`round_result_2`,`round_result_3`,`round_result_4`,`round_result_5`,`round_power`,`round_normal`,`round_hash`,`round_update`,`round_period`) values (713,2,'2025-05-29',147,'2025-05-29 12:10:00',1,'P','B','P','P','S','05','24,15,01,08,03',0,'2025-05-29 12:15:00',300);
insert  into `round_pball`(`round_fid`,`round_game`,`round_date`,`round_num`,`round_time`,`round_state`,`round_result_1`,`round_result_2`,`round_result_3`,`round_result_4`,`round_result_5`,`round_power`,`round_normal`,`round_hash`,`round_update`,`round_period`) values (714,1,'2025-05-29',147,'2025-05-29 12:10:00',1,'B','P','B','P','S','00','27,14,03,02,18',572019754,'2025-05-29 12:15:14',300);
insert  into `round_pball`(`round_fid`,`round_game`,`round_date`,`round_num`,`round_time`,`round_state`,`round_result_1`,`round_result_2`,`round_result_3`,`round_result_4`,`round_result_5`,`round_power`,`round_normal`,`round_hash`,`round_update`,`round_period`) values (715,0,'2025-05-29',147,'2025-05-29 12:10:00',1,'P','B','B','P','S','05','07,02,05,10,26',1486810,'2025-05-29 12:15:01',300);

/*Table structure for table `sess_list` */

DROP TABLE IF EXISTS `sess_list`;

CREATE TABLE `sess_list` (
  `sess_fid` int(11) NOT NULL AUTO_INCREMENT,
  `sess_id` varchar(100) NOT NULL,
  `sess_mb_fid` int(11) NOT NULL,
  `sess_mb_uid` varchar(30) NOT NULL,
  `sess_mb_level` int(11) NOT NULL,
  `sess_emp_fid` int(11) NOT NULL,
  `sess_ip` varchar(60) NOT NULL,
  `sess_update_time` datetime NOT NULL,
  PRIMARY KEY (`sess_fid`)
) ENGINE=InnoDB AUTO_INCREMENT=278 DEFAULT CHARSET=utf8mb4;

/*Data for the table `sess_list` */

insert  into `sess_list`(`sess_fid`,`sess_id`,`sess_mb_fid`,`sess_mb_uid`,`sess_mb_level`,`sess_emp_fid`,`sess_ip`,`sess_update_time`) values (277,'',5,'e01',7,4,'127.0.0.1','2025-06-05 19:01:40');

/*Table structure for table `sessions` */

DROP TABLE IF EXISTS `sessions`;

CREATE TABLE `sessions` (
  `id` varchar(200) NOT NULL,
  `ip_address` varchar(60) NOT NULL,
  `user_agent` varchar(120) NOT NULL,
  `last_activity` int(10) NOT NULL,
  `data` text DEFAULT NULL,
  `timestamp` bigint(20) NOT NULL
) ENGINE=InnoDB DEFAULT CHARSET=utf8;

/*Data for the table `sessions` */

insert  into `sessions`(`id`,`ip_address`,`user_agent`,`last_activity`,`data`,`timestamp`) values ('jh6fb3j9t7d666giqq37fogh9cnkulep','127.0.0.1','',0,'__ci_last_regenerate|i:1749180429;',1749180430);
insert  into `sessions`(`id`,`ip_address`,`user_agent`,`last_activity`,`data`,`timestamp`) values ('ul3bgi3ecna5bih41sf1ppnv9t535act','127.0.0.1','',0,'__ci_last_regenerate|i:1749454186;',1749454187);

/*!40101 SET SQL_MODE=@OLD_SQL_MODE */;
/*!40014 SET FOREIGN_KEY_CHECKS=@OLD_FOREIGN_KEY_CHECKS */;
/*!40014 SET UNIQUE_CHECKS=@OLD_UNIQUE_CHECKS */;
/*!40111 SET SQL_NOTES=@OLD_SQL_NOTES */;
